Latency,PowerConsumption,Number of Processors,Combined Tasks,MapTask1To,MapTask2To,MapTask3To,MapTask4To,MapTask5To,MapTask6To,MapTask7To,	MapTask8To,MapTask9To,MapTask10To,MapTask11To,NodeProcessorType1,NodeProcessorType2,NodeProcessorType3,NodeProcessorType4,NodeProcessorType5,NodeProcessorType6,VSF1,VSF2,VSF3,VSF4,VSF5,VSF6,OSPolicy1,OSPolicy2,OSPolicy3,OSPolicy4,OSPolicy5,OSPolicy6
0.00537516112474221,0.051673081320510336,4,"(5, 5)","""Node6""","""Node3""","""Node2""","""Node2""","""Node6""","""Node3""","""Node4""","""Node2""","""Node4""","""Node4""","""Node4""","""Adreno""","""ARMv8""","""ARMv8""","""MIPS""","""ARMv8""","""ARMv8""",1.0,1.0,1.0,1.0,0.6666666666666666,1.0,"""PB""","""FCFS""","""PB""","""PB""","""PB""","""PB"""
0.00400279020980028,0.04058881335816277,5,"(7, 8)","""Node1""","""Node3""","""Node1""","""Node2""","""Node5""","""Node3""","""Node6""","""Node2""","""Node6""","""Node6""","""Node6""","""Adreno""","""Adreno""","""MIPS""","""ARMv8""","""MIPS""","""MIPS""",1.0,1.0,1.0,0.25,1.0,1.0,"""PB""","""FCFS""","""PB""","""FCFS""","""PB""","""FCFS"""
99999.0,99999.0,99999,"(2, 2)","""Node4""","""Node4""","""Node2""","""Node1""","""Node4""","""Node3""","""Node2""","""Node1""","""Node3""","""Node3""","""Node3""","""MIPS""","""ARMv8""","""MIPS""","""Adreno""","""Adreno""","""MIPS""",0.6666666666666666,1.0,1.0,1.0,0.5,0.25,"""FCFS""","""PB""","""FCFS""","""PB""","""PB""","""FCFS"""
0.00504326731638454,0.04644812758525006,4,"(7, 7)","""Node2""","""Node1""","""Node6""","""Node2""","""Node4""","""Node1""","""Node6""","""Node2""","""Node4""","""Node6""","""Node4""","""Adreno""","""MIPS""","""Adreno""","""ARMv8""","""Adreno""","""MIPS""",1.0,1.0,1.0,1.0,1.0,1.0,"""PB""","""PB""","""FCFS""","""PB""","""FCFS""","""PB"""
0.00400122091422914,0.041959853088327496,5,"(5, 5)","""Node4""","""Node2""","""Node2""","""Node4""","""Node6""","""Node3""","""Node1""","""Node2""","""Node6""","""Node1""","""Node6""","""Adreno""","""MIPS""","""MIPS""","""Adreno""","""Adreno""","""Adreno""",1.0,1.0,0.6666666666666666,1.0,0.5,1.0,"""FCFS""","""FCFS""","""PB""","""FCFS""","""FCFS""","""PB"""
0.005168309722049911,0.0464724655677277,6,"(2, 2)","""Node5""","""Node6""","""Node5""","""Node4""","""Node1""","""Node2""","""Node5""","""Node3""","""Node2""","""Node2""","""Node2""","""MIPS""","""ARMv8""","""ARMv8""","""Adreno""","""MIPS""","""Adreno""",1.0,1.0,0.6666666666666666,0.6666666666666666,1.0,0.25,"""PB""","""FCFS""","""PB""","""FCFS""","""PB""","""PB"""
99999.0,99999.0,99999,"(7, 8)","""Node6""","""Node6""","""Node4""","""Node6""","""Node5""","""Node1""","""Node4""","""Node6""","""Node1""","""Node4""","""Node4""","""MIPS""","""Adreno""","""MIPS""","""MIPS""","""Adreno""","""Adreno""",1.0,0.25,0.6666666666666666,1.0,0.6666666666666666,1.0,"""PB""","""FCFS""","""FCFS""","""PB""","""FCFS""","""PB"""
99999.0,99999.0,99999,"(7, 7)","""Node6""","""Node1""","""Node4""","""Node3""","""Node6""","""Node1""","""Node1""","""Node3""","""Node1""","""Node3""","""Node3""","""MIPS""","""ARMv8""","""ARMv8""","""ARMv8""","""ARMv8""","""MIPS""",1.0,0.25,1.0,0.6666666666666666,0.5,1.0,"""PB""","""FCFS""","""FCFS""","""PB""","""PB""","""PB"""
99999.0,99999.0,99999,"(4, 4)","""Node4""","""Node1""","""Node3""","""Node4""","""Node6""","""Node1""","""Node3""","""Node1""","""Node6""","""Node6""","""Node6""","""ARMv8""","""MIPS""","""MIPS""","""ARMv8""","""Adreno""","""Adreno""",1.0,0.6666666666666666,0.5,1.0,0.6666666666666666,1.0,"""FCFS""","""PB""","""PB""","""FCFS""","""FCFS""","""PB"""
0.00462522443614066,0.04101265185707277,6,"(6, 6)","""Node4""","""Node2""","""Node4""","""Node4""","""Node5""","""Node2""","""Node1""","""Node3""","""Node6""","""Node1""","""Node6""","""MIPS""","""Adreno""","""MIPS""","""MIPS""","""Adreno""","""Adreno""",1.0,1.0,0.6666666666666666,1.0,1.0,0.6666666666666666,"""FCFS""","""FCFS""","""PB""","""FCFS""","""PB""","""FCFS"""
99999.0,99999.0,99999,"(5, 8)","""Node4""","""Node4""","""Node4""","""Node3""","""Node3""","""Node5""","""Node4""","""Node4""","""Node2""","""Node3""","""Node3""","""Adreno""","""ARMv8""","""MIPS""","""MIPS""","""Adreno""","""ARMv8""",0.25,1.0,1.0,1.0,1.0,0.5,"""PB""","""PB""","""FCFS""","""FCFS""","""PB""","""PB"""
0.00441248575060929,0.044091224578582514,4,"(6, 6)","""Node2""","""Node2""","""Node5""","""Node3""","""Node6""","""Node2""","""Node5""","""Node3""","""Node6""","""Node3""","""Node6""","""MIPS""","""MIPS""","""MIPS""","""Adreno""","""ARMv8""","""Adreno""",0.25,1.0,1.0,1.0,1.0,1.0,"""FCFS""","""PB""","""PB""","""FCFS""","""FCFS""","""FCFS"""
0.0056357103936132795,0.049924704250922915,6,"(6, 6)","""Node2""","""Node1""","""Node2""","""Node2""","""Node5""","""Node4""","""Node4""","""Node6""","""Node5""","""Node3""","""Node5""","""MIPS""","""ARMv8""","""MIPS""","""Adreno""","""MIPS""","""Adreno""",0.25,1.0,0.25,1.0,1.0,0.5,"""FCFS""","""PB""","""FCFS""","""FCFS""","""PB""","""FCFS"""
0.00508780953447365,0.04236737386568658,6,"(8, 8)","""Node2""","""Node3""","""Node5""","""Node2""","""Node1""","""Node3""","""Node5""","""Node4""","""Node6""","""Node1""","""Node1""","""MIPS""","""Adreno""","""MIPS""","""MIPS""","""ARMv8""","""MIPS""",1.0,1.0,1.0,0.6666666666666666,1.0,1.0,"""PB""","""FCFS""","""FCFS""","""FCFS""","""PB""","""FCFS"""
99999.0,99999.0,99999,"(6, 8)","""Node5""","""Node6""","""Node5""","""Node6""","""Node4""","""Node6""","""Node5""","""Node1""","""Node1""","""Node4""","""Node4""","""MIPS""","""MIPS""","""Adreno""","""MIPS""","""Adreno""","""Adreno""",0.6666666666666666,0.25,0.5,1.0,1.0,1.0,"""FCFS""","""FCFS""","""PB""","""FCFS""","""FCFS""","""PB"""
0.00472768509967231,0.04604717247576391,4,"(7, 8)","""Node4""","""Node4""","""Node1""","""Node4""","""Node3""","""Node2""","""Node1""","""Node1""","""Node2""","""Node1""","""Node3""","""ARMv8""","""Adreno""","""Adreno""","""MIPS""","""Adreno""","""Adreno""",1.0,1.0,1.0,1.0,0.6666666666666666,0.25,"""FCFS""","""FCFS""","""PB""","""PB""","""FCFS""","""PB"""
99999.0,99999.0,99999,"(8, 8)","""Node6""","""Node6""","""Node6""","""Node3""","""Node2""","""Node5""","""Node6""","""Node2""","""Node2""","""Node2""","""Node2""","""Adreno""","""MIPS""","""MIPS""","""MIPS""","""Adreno""","""Adreno""",0.25,1.0,0.5,0.25,0.5,1.0,"""PB""","""FCFS""","""PB""","""FCFS""","""PB""","""FCFS"""
0.00531365964912866,0.041145184168883416,5,"(6, 8)","""Node1""","""Node3""","""Node1""","""Node4""","""Node5""","""Node2""","""Node1""","""Node4""","""Node5""","""Node4""","""Node5""","""MIPS""","""MIPS""","""Adreno""","""MIPS""","""MIPS""","""Adreno""",1.0,1.0,0.6666666666666666,1.0,1.0,1.0,"""PB""","""FCFS""","""PB""","""PB""","""PB""","""FCFS"""
0.0035731747905766,0.05074212068263705,6,"(5, 5)","""Node2""","""Node4""","""Node6""","""Node2""","""Node5""","""Node1""","""Node4""","""Node3""","""Node1""","""Node5""","""Node1""","""ARMv8""","""ARMv8""","""ARMv8""","""Adreno""","""ARMv8""","""MIPS""",1.0,1.0,0.6666666666666666,1.0,1.0,0.6666666666666666,"""PB""","""PB""","""FCFS""","""FCFS""","""PB""","""PB"""
99999.0,99999.0,99999,"(8, 8)","""Node2""","""Node2""","""Node4""","""Node5""","""Node2""","""Node5""","""Node2""","""Node5""","""Node3""","""Node5""","""Node3""","""Adreno""","""MIPS""","""MIPS""","""MIPS""","""MIPS""","""Adreno""",0.5,1.0,0.5,0.6666666666666666,1.0,1.0,"""PB""","""PB""","""FCFS""","""FCFS""","""PB""","""PB"""
0.0043190739760007296,0.03859050006011036,6,"(7, 7)","""Node3""","""Node5""","""Node1""","""Node3""","""Node4""","""Node5""","""Node2""","""Node6""","""Node2""","""Node2""","""Node2""","""Adreno""","""MIPS""","""Adreno""","""MIPS""","""MIPS""","""MIPS""",1.0,1.0,1.0,1.0,1.0,0.6666666666666666,"""FCFS""","""FCFS""","""FCFS""","""PB""","""FCFS""","""FCFS"""
99999.0,99999.0,99999,"(3, 3)","""Node5""","""Node5""","""Node5""","""Node2""","""Node4""","""Node6""","""Node5""","""Node2""","""Node4""","""Node6""","""Node4""","""MIPS""","""MIPS""","""ARMv8""","""ARMv8""","""Adreno""","""ARMv8""",0.5,1.0,1.0,1.0,1.0,0.6666666666666666,"""FCFS""","""FCFS""","""PB""","""FCFS""","""PB""","""PB"""
99999.0,99999.0,99999,"(7, 7)","""Node4""","""Node6""","""Node5""","""Node4""","""Node2""","""Node6""","""Node5""","""Node2""","""Node2""","""Node2""","""Node2""","""MIPS""","""MIPS""","""Adreno""","""Adreno""","""Adreno""","""MIPS""",0.25,1.0,0.25,0.6666666666666666,0.5,0.5,"""PB""","""PB""","""FCFS""","""PB""","""FCFS""","""PB"""
99999.0,99999.0,99999,"(3, 3)","""Node2""","""Node2""","""Node6""","""Node6""","""Node6""","""Node3""","""Node6""","""Node5""","""Node3""","""Node5""","""Node5""","""Adreno""","""Adreno""","""Adreno""","""ARMv8""","""Adreno""","""MIPS""",0.6666666666666666,0.6666666666666666,0.6666666666666666,0.6666666666666666,0.6666666666666666,1.0,"""FCFS""","""FCFS""","""FCFS""","""FCFS""","""PB""","""FCFS"""
0.0041230392118738295,0.04792675551071724,4,"(3, 3)","""Node5""","""Node5""","""Node3""","""Node4""","""Node2""","""Node5""","""Node3""","""Node4""","""Node3""","""Node4""","""Node4""","""MIPS""","""ARMv8""","""Adreno""","""ARMv8""","""Adreno""","""MIPS""",0.25,0.6666666666666666,1.0,1.0,1.0,0.6666666666666666,"""PB""","""FCFS""","""FCFS""","""FCFS""","""FCFS""","""PB"""
0.0031268508994867603,0.04457776213767936,5,"(5, 5)","""Node1""","""Node1""","""Node3""","""Node2""","""Node6""","""Node1""","""Node5""","""Node2""","""Node5""","""Node2""","""Node5""","""MIPS""","""ARMv8""","""MIPS""","""MIPS""","""Adreno""","""Adreno""",1.0,1.0,0.6666666666666666,1.0,1.0,1.0,"""PB""","""FCFS""","""PB""","""FCFS""","""PB""","""FCFS"""
99999.0,99999.0,99999,"(2, 2)","""Node5""","""Node6""","""Node6""","""Node5""","""Node2""","""Node6""","""Node6""","""Node4""","""Node4""","""Node4""","""Node4""","""MIPS""","""Adreno""","""Adreno""","""MIPS""","""Adreno""","""MIPS""",0.25,0.6666666666666666,0.6666666666666666,1.0,0.6666666666666666,1.0,"""FCFS""","""FCFS""","""FCFS""","""FCFS""","""FCFS""","""FCFS"""
0.00446613553800541,0.040257877573666896,5,"(4, 4)","""Node3""","""Node6""","""Node4""","""Node3""","""Node2""","""Node6""","""Node1""","""Node1""","""Node2""","""Node1""","""Node1""","""MIPS""","""MIPS""","""MIPS""","""Adreno""","""Adreno""","""Adreno""",1.0,1.0,1.0,1.0,0.5,1.0,"""PB""","""PB""","""PB""","""FCFS""","""FCFS""","""PB"""
0.0059792269814125205,0.040156005840604636,5,"(5, 5)","""Node4""","""Node6""","""Node1""","""Node4""","""Node2""","""Node6""","""Node1""","""Node4""","""Node2""","""Node3""","""Node3""","""Adreno""","""MIPS""","""MIPS""","""Adreno""","""Adreno""","""Adreno""",1.0,1.0,1.0,0.6666666666666666,0.5,1.0,"""PB""","""FCFS""","""PB""","""PB""","""PB""","""FCFS"""
0.00472060571895297,0.04706655221290541,5,"(7, 7)","""Node6""","""Node1""","""Node6""","""Node4""","""Node2""","""Node3""","""Node1""","""Node4""","""Node2""","""Node4""","""Node2""","""MIPS""","""ARMv8""","""MIPS""","""MIPS""","""ARMv8""","""ARMv8""",1.0,1.0,0.6666666666666666,1.0,1.0,1.0,"""FCFS""","""FCFS""","""FCFS""","""PB""","""PB""","""FCFS"""
99999.0,99999.0,99999,"(8, 8)","""Node6""","""Node4""","""Node5""","""Node3""","""Node6""","""Node4""","""Node5""","""Node3""","""Node5""","""Node3""","""Node3""","""Adreno""","""Adreno""","""MIPS""","""ARMv8""","""MIPS""","""MIPS""",0.5,0.6666666666666666,1.0,1.0,0.6666666666666666,1.0,"""FCFS""","""FCFS""","""FCFS""","""FCFS""","""FCFS""","""PB"""
99999.0,99999.0,99999,"(4, 4)","""Node1""","""Node5""","""Node2""","""Node1""","""Node4""","""Node5""","""Node2""","""Node2""","""Node4""","""Node4""","""Node4""","""MIPS""","""Adreno""","""Adreno""","""MIPS""","""Adreno""","""Adreno""",0.6666666666666666,1.0,0.5,0.6666666666666666,1.0,0.5,"""FCFS""","""PB""","""FCFS""","""FCFS""","""PB""","""PB"""
0.00577988454660617,0.0417241909546372,4,"(4, 4)","""Node4""","""Node4""","""Node6""","""Node4""","""Node2""","""Node5""","""Node6""","""Node6""","""Node2""","""Node5""","""Node2""","""Adreno""","""MIPS""","""ARMv8""","""Adreno""","""ARMv8""","""MIPS""",1.0,1.0,0.5,1.0,1.0,1.0,"""FCFS""","""FCFS""","""PB""","""FCFS""","""FCFS""","""PB"""
0.00616635354480691,0.04047689650938149,6,"(8, 8)","""Node2""","""Node6""","""Node2""","""Node3""","""Node4""","""Node5""","""Node6""","""Node3""","""Node1""","""Node3""","""Node1""","""MIPS""","""MIPS""","""MIPS""","""Adreno""","""MIPS""","""Adreno""",0.6666666666666666,0.6666666666666666,1.0,1.0,0.6666666666666666,1.0,"""FCFS""","""FCFS""","""FCFS""","""FCFS""","""PB""","""FCFS"""
0.0034066210710675397,0.04924551211219561,5,"(7, 7)","""Node4""","""Node1""","""Node3""","""Node4""","""Node2""","""Node1""","""Node3""","""Node5""","""Node2""","""Node5""","""Node2""","""ARMv8""","""Adreno""","""Adreno""","""ARMv8""","""ARMv8""","""Adreno""",1.0,1.0,1.0,0.6666666666666666,1.0,0.6666666666666666,"""PB""","""PB""","""FCFS""","""FCFS""","""PB""","""PB"""
0.00420903749021177,0.04634472813820908,4,"(8, 8)","""Node1""","""Node4""","""Node1""","""Node5""","""Node4""","""Node3""","""Node1""","""Node5""","""Node3""","""Node5""","""Node3""","""MIPS""","""Adreno""","""ARMv8""","""Adreno""","""Adreno""","""MIPS""",1.0,0.5,1.0,1.0,1.0,0.25,"""PB""","""PB""","""FCFS""","""PB""","""PB""","""PB"""
99999.0,99999.0,99999,"(7, 8)","""Node5""","""Node2""","""Node5""","""Node5""","""Node4""","""Node6""","""Node5""","""Node5""","""Node6""","""Node5""","""Node4""","""Adreno""","""Adreno""","""Adreno""","""Adreno""","""MIPS""","""ARMv8""",0.25,0.6666666666666666,0.25,1.0,1.0,1.0,"""PB""","""FCFS""","""PB""","""FCFS""","""FCFS""","""FCFS"""
0.00603686866482204,0.04122227074400355,4,"(7, 8)","""Node5""","""Node5""","""Node5""","""Node5""","""Node6""","""Node2""","""Node4""","""Node4""","""Node2""","""Node4""","""Node4""","""MIPS""","""MIPS""","""Adreno""","""MIPS""","""Adreno""","""Adreno""",0.5,1.0,1.0,1.0,1.0,1.0,"""FCFS""","""PB""","""FCFS""","""FCFS""","""PB""","""PB"""
0.005505744954220871,0.0413043497072185,5,"(7, 7)","""Node1""","""Node1""","""Node5""","""Node1""","""Node4""","""Node2""","""Node6""","""Node5""","""Node2""","""Node6""","""Node4""","""ARMv8""","""MIPS""","""ARMv8""","""MIPS""","""Adreno""","""MIPS""",1.0,1.0,0.25,1.0,0.6666666666666666,1.0,"""FCFS""","""PB""","""FCFS""","""FCFS""","""PB""","""PB"""
0.00511426586926082,0.04443155853954992,6,"(6, 8)","""Node2""","""Node1""","""Node6""","""Node2""","""Node3""","""Node1""","""Node5""","""Node4""","""Node5""","""Node5""","""Node5""","""ARMv8""","""MIPS""","""ARMv8""","""MIPS""","""MIPS""","""MIPS""",1.0,1.0,1.0,0.5,1.0,0.6666666666666666,"""PB""","""PB""","""FCFS""","""FCFS""","""FCFS""","""FCFS"""
99999.0,99999.0,99999,"(7, 7)","""Node2""","""Node2""","""Node4""","""Node3""","""Node4""","""Node2""","""Node4""","""Node3""","""Node4""","""Node3""","""Node1""","""MIPS""","""MIPS""","""MIPS""","""MIPS""","""Adreno""","""ARMv8""",0.25,0.6666666666666666,0.6666666666666666,1.0,0.5,0.5,"""FCFS""","""PB""","""PB""","""PB""","""PB""","""PB"""
0.00440373136948103,0.047266360126343096,5,"(6, 6)","""Node4""","""Node6""","""Node4""","""Node1""","""Node2""","""Node5""","""Node6""","""Node1""","""Node5""","""Node1""","""Node5""","""ARMv8""","""Adreno""","""MIPS""","""MIPS""","""Adreno""","""ARMv8""",1.0,1.0,0.5,1.0,1.0,0.6666666666666666,"""PB""","""FCFS""","""PB""","""FCFS""","""FCFS""","""PB"""
0.00558857167785234,0.04021974174711943,6,"(5, 8)","""Node2""","""Node1""","""Node1""","""Node1""","""Node5""","""Node4""","""Node3""","""Node4""","""Node5""","""Node3""","""Node6""","""Adreno""","""Adreno""","""MIPS""","""MIPS""","""MIPS""","""ARMv8""",1.0,1.0,1.0,0.6666666666666666,1.0,1.0,"""FCFS""","""PB""","""FCFS""","""PB""","""PB""","""FCFS"""
0.00465617730489517,0.04166515603062413,6,"(8, 8)","""Node5""","""Node3""","""Node5""","""Node6""","""Node1""","""Node4""","""Node5""","""Node6""","""Node4""","""Node1""","""Node2""","""MIPS""","""MIPS""","""MIPS""","""Adreno""","""MIPS""","""MIPS""",1.0,0.25,1.0,1.0,1.0,1.0,"""PB""","""PB""","""FCFS""","""FCFS""","""FCFS""","""PB"""
99999.0,99999.0,99999,"(6, 8)","""Node6""","""Node4""","""Node6""","""Node6""","""Node3""","""Node4""","""Node1""","""Node1""","""Node3""","""Node1""","""Node1""","""MIPS""","""Adreno""","""MIPS""","""Adreno""","""MIPS""","""MIPS""",1.0,1.0,1.0,1.0,1.0,1.0,"""FCFS""","""FCFS""","""FCFS""","""FCFS""","""PB""","""FCFS"""
99999.0,99999.0,99999,"(8, 8)","""Node2""","""Node2""","""Node6""","""Node3""","""Node2""","""Node2""","""Node6""","""Node3""","""Node5""","""Node3""","""Node3""","""ARMv8""","""MIPS""","""ARMv8""","""Adreno""","""Adreno""","""Adreno""",0.25,0.6666666666666666,0.5,0.25,0.25,0.5,"""PB""","""FCFS""","""FCFS""","""PB""","""PB""","""PB"""
99999.0,99999.0,99999,"(8, 8)","""Node6""","""Node6""","""Node6""","""Node4""","""Node6""","""Node3""","""Node6""","""Node4""","""Node3""","""Node2""","""Node2""","""ARMv8""","""ARMv8""","""Adreno""","""Adreno""","""Adreno""","""MIPS""",0.25,0.5,1.0,0.6666666666666666,0.5,1.0,"""FCFS""","""PB""","""FCFS""","""PB""","""PB""","""PB"""
0.00569407984708645,0.04061212937765614,4,"(6, 8)","""Node1""","""Node6""","""Node1""","""Node6""","""Node4""","""Node3""","""Node1""","""Node6""","""Node4""","""Node3""","""Node3""","""MIPS""","""ARMv8""","""MIPS""","""Adreno""","""ARMv8""","""Adreno""",1.0,0.25,1.0,1.0,1.0,1.0,"""PB""","""FCFS""","""FCFS""","""PB""","""PB""","""PB"""
99999.0,99999.0,99999,"(6, 7)","""Node1""","""Node1""","""Node4""","""Node2""","""Node5""","""Node4""","""Node4""","""Node2""","""Node4""","""Node2""","""Node2""","""MIPS""","""MIPS""","""MIPS""","""MIPS""","""Adreno""","""Adreno""",0.5,1.0,0.5,1.0,1.0,0.5,"""PB""","""FCFS""","""FCFS""","""PB""","""FCFS""","""PB"""
0.0037726730269218,0.05188503165917882,4,"(8, 8)","""Node3""","""Node3""","""Node1""","""Node1""","""Node3""","""Node5""","""Node2""","""Node1""","""Node2""","""Node2""","""Node2""","""ARMv8""","""ARMv8""","""Adreno""","""Adreno""","""Adreno""","""MIPS""",1.0,1.0,1.0,0.5,1.0,0.25,"""PB""","""PB""","""FCFS""","""FCFS""","""FCFS""","""FCFS"""
0.00422323727328389,0.0507683719326218,5,"(5, 5)","""Node5""","""Node6""","""Node5""","""Node2""","""Node4""","""Node3""","""Node5""","""Node2""","""Node3""","""Node2""","""Node2""","""Adreno""","""ARMv8""","""ARMv8""","""ARMv8""","""Adreno""","""Adreno""",0.25,1.0,1.0,0.6666666666666666,1.0,0.6666666666666666,"""FCFS""","""FCFS""","""PB""","""FCFS""","""PB""","""FCFS"""
0.0042991079782270705,0.04877749357205676,5,"(5, 5)","""Node2""","""Node5""","""Node1""","""Node2""","""Node3""","""Node4""","""Node5""","""Node1""","""Node3""","""Node4""","""Node3""","""ARMv8""","""Adreno""","""ARMv8""","""MIPS""","""MIPS""","""ARMv8""",1.0,1.0,1.0,1.0,1.0,0.6666666666666666,"""PB""","""FCFS""","""FCFS""","""FCFS""","""PB""","""FCFS"""
0.00351629393681608,0.045621574667619874,4,"(2, 2)","""Node2""","""Node2""","""Node6""","""Node1""","""Node5""","""Node2""","""Node6""","""Node1""","""Node6""","""Node1""","""Node1""","""Adreno""","""Adreno""","""MIPS""","""Adreno""","""ARMv8""","""MIPS""",1.0,1.0,0.25,1.0,1.0,1.0,"""PB""","""PB""","""FCFS""","""PB""","""FCFS""","""PB"""
99999.0,99999.0,99999,"(5, 5)","""Node2""","""Node5""","""Node2""","""Node3""","""Node1""","""Node5""","""Node2""","""Node3""","""Node1""","""Node3""","""Node1""","""MIPS""","""ARMv8""","""MIPS""","""Adreno""","""MIPS""","""Adreno""",1.0,1.0,1.0,0.25,0.6666666666666666,0.6666666666666666,"""PB""","""FCFS""","""FCFS""","""PB""","""PB""","""FCFS"""
99999.0,99999.0,99999,"(3, 3)","""Node3""","""Node3""","""Node1""","""Node6""","""Node3""","""Node4""","""Node3""","""Node6""","""Node4""","""Node4""","""Node4""","""ARMv8""","""MIPS""","""ARMv8""","""MIPS""","""ARMv8""","""Adreno""",0.6666666666666666,0.6666666666666666,1.0,0.6666666666666666,0.5,1.0,"""FCFS""","""PB""","""PB""","""PB""","""FCFS""","""FCFS"""
99999.0,99999.0,99999,"(4, 4)","""Node2""","""Node3""","""Node2""","""Node3""","""Node3""","""Node3""","""Node2""","""Node3""","""Node6""","""Node5""","""Node5""","""Adreno""","""MIPS""","""MIPS""","""ARMv8""","""Adreno""","""Adreno""",0.25,0.5,1.0,0.25,0.25,0.5,"""PB""","""FCFS""","""PB""","""PB""","""FCFS""","""PB"""
0.00431251361350083,0.040740513308291,6,"(2, 2)","""Node2""","""Node1""","""Node5""","""Node2""","""Node4""","""Node6""","""Node5""","""Node3""","""Node5""","""Node3""","""Node3""","""Adreno""","""ARMv8""","""MIPS""","""MIPS""","""MIPS""","""MIPS""",0.6666666666666666,1.0,1.0,1.0,1.0,0.6666666666666666,"""FCFS""","""PB""","""FCFS""","""PB""","""FCFS""","""FCFS"""
0.0032435224696875,0.04667355748176401,5,"(8, 8)","""Node1""","""Node6""","""Node1""","""Node3""","""Node4""","""Node6""","""Node2""","""Node3""","""Node2""","""Node2""","""Node2""","""Adreno""","""ARMv8""","""MIPS""","""MIPS""","""ARMv8""","""ARMv8""",1.0,1.0,1.0,1.0,0.6666666666666666,1.0,"""FCFS""","""PB""","""FCFS""","""FCFS""","""FCFS""","""FCFS"""
0.0043890680398052,0.044590811217234176,4,"(6, 8)","""Node5""","""Node4""","""Node4""","""Node5""","""Node1""","""Node6""","""Node4""","""Node5""","""Node1""","""Node6""","""Node1""","""MIPS""","""Adreno""","""Adreno""","""Adreno""","""Adreno""","""ARMv8""",1.0,0.5,1.0,1.0,1.0,1.0,"""PB""","""PB""","""PB""","""PB""","""PB""","""FCFS"""
99999.0,99999.0,99999,"(5, 5)","""Node5""","""Node5""","""Node3""","""Node1""","""Node5""","""Node4""","""Node3""","""Node1""","""Node4""","""Node1""","""Node4""","""Adreno""","""MIPS""","""ARMv8""","""Adreno""","""MIPS""","""Adreno""",1.0,0.6666666666666666,1.0,1.0,0.6666666666666666,0.25,"""FCFS""","""PB""","""PB""","""FCFS""","""PB""","""FCFS"""
0.0056383395532315205,0.04042487697198453,5,"(2, 2)","""Node4""","""Node3""","""Node4""","""Node4""","""Node1""","""Node3""","""Node5""","""Node5""","""Node6""","""Node5""","""Node5""","""Adreno""","""ARMv8""","""Adreno""","""Adreno""","""MIPS""","""MIPS""",1.0,0.6666666666666666,1.0,1.0,1.0,1.0,"""FCFS""","""PB""","""PB""","""FCFS""","""FCFS""","""PB"""
0.00510975082052292,0.03894644891071452,5,"(3, 3)","""Node4""","""Node6""","""Node6""","""Node4""","""Node1""","""Node2""","""Node6""","""Node6""","""Node5""","""Node1""","""Node1""","""MIPS""","""MIPS""","""Adreno""","""MIPS""","""MIPS""","""MIPS""",1.0,1.0,1.0,1.0,1.0,1.0,"""PB""","""PB""","""PB""","""FCFS""","""FCFS""","""PB"""
0.0044097998186818895,0.039979406592496186,5,"(2, 2)","""Node2""","""Node4""","""Node2""","""Node5""","""Node3""","""Node1""","""Node2""","""Node5""","""Node1""","""Node3""","""Node5""","""MIPS""","""Adreno""","""MIPS""","""ARMv8""","""MIPS""","""MIPS""",1.0,1.0,1.0,0.5,1.0,0.25,"""FCFS""","""FCFS""","""FCFS""","""PB""","""FCFS""","""PB"""
99999.0,99999.0,99999,"(7, 8)","""Node6""","""Node3""","""Node2""","""Node6""","""Node1""","""Node3""","""Node2""","""Node1""","""Node1""","""Node2""","""Node2""","""ARMv8""","""Adreno""","""Adreno""","""Adreno""","""Adreno""","""ARMv8""",1.0,1.0,0.6666666666666666,0.25,0.25,0.5,"""FCFS""","""FCFS""","""FCFS""","""PB""","""PB""","""FCFS"""
99999.0,99999.0,99999,"(7, 7)","""Node3""","""Node4""","""Node5""","""Node3""","""Node1""","""Node4""","""Node1""","""Node5""","""Node1""","""Node1""","""Node1""","""MIPS""","""MIPS""","""MIPS""","""MIPS""","""MIPS""","""MIPS""",1.0,0.6666666666666666,1.0,1.0,0.5,0.5,"""FCFS""","""FCFS""","""FCFS""","""PB""","""PB""","""PB"""
99999.0,99999.0,99999,"(7, 8)","""Node2""","""Node3""","""Node4""","""Node4""","""Node3""","""Node3""","""Node4""","""Node2""","""Node3""","""Node5""","""Node5""","""MIPS""","""Adreno""","""MIPS""","""Adreno""","""Adreno""","""Adreno""",0.5,0.6666666666666666,1.0,1.0,1.0,1.0,"""PB""","""PB""","""FCFS""","""FCFS""","""PB""","""FCFS"""
0.005470219148301829,0.047212002738284665,5,"(7, 7)","""Node1""","""Node2""","""Node1""","""Node4""","""Node3""","""Node6""","""Node1""","""Node4""","""Node3""","""Node4""","""Node3""","""Adreno""","""MIPS""","""Adreno""","""ARMv8""","""MIPS""","""Adreno""",1.0,0.25,1.0,1.0,0.25,0.6666666666666666,"""FCFS""","""FCFS""","""FCFS""","""FCFS""","""PB""","""FCFS"""
99999.0,99999.0,99999,"(6, 6)","""Node5""","""Node5""","""Node4""","""Node4""","""Node5""","""Node6""","""Node1""","""Node4""","""Node6""","""Node1""","""Node6""","""MIPS""","""MIPS""","""ARMv8""","""MIPS""","""Adreno""","""MIPS""",0.6666666666666666,0.5,0.6666666666666666,1.0,1.0,1.0,"""PB""","""PB""","""FCFS""","""PB""","""PB""","""FCFS"""
0.00428694128353604,0.04065081843859159,6,"(5, 5)","""Node2""","""Node1""","""Node2""","""Node6""","""Node4""","""Node3""","""Node2""","""Node6""","""Node4""","""Node5""","""Node4""","""Adreno""","""MIPS""","""ARMv8""","""Adreno""","""MIPS""","""MIPS""",1.0,1.0,0.6666666666666666,1.0,0.5,1.0,"""FCFS""","""FCFS""","""PB""","""FCFS""","""PB""","""FCFS"""
99999.0,99999.0,99999,"(4, 4)","""Node2""","""Node1""","""Node3""","""Node2""","""Node6""","""Node1""","""Node6""","""Node3""","""Node6""","""Node6""","""Node6""","""MIPS""","""MIPS""","""Adreno""","""MIPS""","""MIPS""","""MIPS""",0.6666666666666666,1.0,0.6666666666666666,0.5,0.25,1.0,"""PB""","""PB""","""PB""","""FCFS""","""PB""","""PB"""
99999.0,99999.0,99999,"(4, 4)","""Node1""","""Node3""","""Node3""","""Node1""","""Node6""","""Node2""","""Node3""","""Node3""","""Node2""","""Node6""","""Node2""","""Adreno""","""MIPS""","""MIPS""","""Adreno""","""Adreno""","""Adreno""",1.0,0.6666666666666666,1.0,0.5,0.5,1.0,"""PB""","""FCFS""","""PB""","""PB""","""PB""","""FCFS"""
0.00448214375717974,0.04176085298183908,4,"(5, 5)","""Node2""","""Node2""","""Node6""","""Node1""","""Node4""","""Node2""","""Node6""","""Node1""","""Node6""","""Node1""","""Node1""","""Adreno""","""MIPS""","""ARMv8""","""Adreno""","""ARMv8""","""MIPS""",1.0,1.0,0.6666666666666666,1.0,0.6666666666666666,1.0,"""FCFS""","""FCFS""","""PB""","""FCFS""","""PB""","""FCFS"""
0.00625862537499342,0.042909528043385686,6,"(7, 8)","""Node6""","""Node5""","""Node2""","""Node1""","""Node6""","""Node4""","""Node2""","""Node1""","""Node3""","""Node1""","""Node3""","""Adreno""","""MIPS""","""ARMv8""","""Adreno""","""MIPS""","""MIPS""",1.0,1.0,0.6666666666666666,0.6666666666666666,0.5,1.0,"""FCFS""","""FCFS""","""PB""","""FCFS""","""PB""","""FCFS"""
0.0058218620815852,0.038422227548740605,6,"(7, 8)","""Node3""","""Node1""","""Node1""","""Node2""","""Node5""","""Node6""","""Node2""","""Node5""","""Node4""","""Node6""","""Node6""","""Adreno""","""MIPS""","""Adreno""","""MIPS""","""Adreno""","""MIPS""",1.0,1.0,1.0,1.0,0.6666666666666666,1.0,"""FCFS""","""FCFS""","""PB""","""FCFS""","""PB""","""FCFS"""
99999.0,99999.0,99999,"(5, 5)","""Node5""","""Node6""","""Node2""","""Node4""","""Node6""","""Node6""","""Node2""","""Node4""","""Node6""","""Node4""","""Node4""","""Adreno""","""MIPS""","""ARMv8""","""Adreno""","""MIPS""","""MIPS""",1.0,1.0,0.6666666666666666,1.0,0.5,1.0,"""FCFS""","""PB""","""PB""","""FCFS""","""PB""","""FCFS"""
0.00535020256208201,0.04732775497376773,6,"(8, 8)","""Node6""","""Node3""","""Node1""","""Node4""","""Node2""","""Node6""","""Node3""","""Node4""","""Node3""","""Node2""","""Node5""","""Adreno""","""MIPS""","""ARMv8""","""Adreno""","""MIPS""","""MIPS""",1.0,1.0,1.0,1.0,0.5,1.0,"""FCFS""","""PB""","""PB""","""FCFS""","""FCFS""","""PB"""
0.00402923855921745,0.041694915367249216,5,"(8, 8)","""Node1""","""Node5""","""Node1""","""Node4""","""Node5""","""Node6""","""Node1""","""Node4""","""Node6""","""Node4""","""Node2""","""Adreno""","""MIPS""","""ARMv8""","""Adreno""","""MIPS""","""MIPS""",1.0,0.6666666666666666,0.6666666666666666,1.0,1.0,1.0,"""FCFS""","""FCFS""","""PB""","""FCFS""","""PB""","""FCFS"""
0.00630809474445609,0.043725060827902916,5,"(7, 7)","""Node2""","""Node4""","""Node4""","""Node1""","""Node2""","""Node6""","""Node4""","""Node1""","""Node3""","""Node1""","""Node3""","""Adreno""","""MIPS""","""ARMv8""","""MIPS""","""MIPS""","""Adreno""",1.0,1.0,0.6666666666666666,1.0,0.5,1.0,"""FCFS""","""FCFS""","""FCFS""","""FCFS""","""PB""","""FCFS"""
0.0058148629846252395,0.044512288149076734,5,"(7, 8)","""Node2""","""Node1""","""Node6""","""Node4""","""Node2""","""Node1""","""Node6""","""Node4""","""Node3""","""Node4""","""Node3""","""Adreno""","""MIPS""","""ARMv8""","""Adreno""","""MIPS""","""MIPS""",1.0,1.0,0.6666666666666666,1.0,0.5,1.0,"""FCFS""","""PB""","""PB""","""FCFS""","""PB""","""FCFS"""
0.0058148629846252395,0.04253886476334308,4,"(4, 4)","""Node1""","""Node2""","""Node1""","""Node4""","""Node6""","""Node2""","""Node1""","""Node4""","""Node6""","""Node4""","""Node4""","""Adreno""","""MIPS""","""ARMv8""","""Adreno""","""ARMv8""","""MIPS""",1.0,1.0,0.6666666666666666,1.0,0.5,1.0,"""FCFS""","""FCFS""","""PB""","""FCFS""","""PB""","""FCFS"""
0.00534827941271094,0.04135953960465615,5,"(4, 4)","""Node2""","""Node3""","""Node5""","""Node4""","""Node2""","""Node3""","""Node6""","""Node4""","""Node6""","""Node6""","""Node6""","""Adreno""","""MIPS""","""ARMv8""","""Adreno""","""MIPS""","""MIPS""",1.0,1.0,0.6666666666666666,1.0,0.5,1.0,"""FCFS""","""FCFS""","""PB""","""FCFS""","""PB""","""FCFS"""
0.00315917853987018,0.03956927063487448,5,"(8, 8)","""Node1""","""Node1""","""Node2""","""Node4""","""Node5""","""Node1""","""Node6""","""Node4""","""Node6""","""Node6""","""Node6""","""MIPS""","""MIPS""","""ARMv8""","""Adreno""","""MIPS""","""MIPS""",1.0,1.0,0.6666666666666666,1.0,1.0,1.0,"""FCFS""","""FCFS""","""PB""","""FCFS""","""PB""","""PB"""
99999.0,99999.0,99999,"(3, 3)","""Node2""","""Node2""","""Node6""","""Node6""","""Node4""","""Node2""","""Node6""","""Node1""","""Node4""","""Node1""","""Node1""","""Adreno""","""MIPS""","""ARMv8""","""Adreno""","""MIPS""","""MIPS""",1.0,0.6666666666666666,0.6666666666666666,1.0,0.5,1.0,"""FCFS""","""FCFS""","""PB""","""FCFS""","""PB""","""FCFS"""
0.00474976149378301,0.043115140335084914,4,"(3, 3)","""Node4""","""Node6""","""Node4""","""Node6""","""Node2""","""Node1""","""Node4""","""Node6""","""Node1""","""Node2""","""Node1""","""MIPS""","""MIPS""","""ARMv8""","""ARMv8""","""MIPS""","""MIPS""",1.0,1.0,0.6666666666666666,1.0,0.5,1.0,"""FCFS""","""FCFS""","""PB""","""FCFS""","""PB""","""FCFS"""
0.00515239178592058,0.040494105473801424,5,"(3, 3)","""Node4""","""Node3""","""Node4""","""Node4""","""Node6""","""Node3""","""Node1""","""Node2""","""Node6""","""Node2""","""Node6""","""Adreno""","""MIPS""","""ARMv8""","""Adreno""","""MIPS""","""MIPS""",1.0,1.0,0.6666666666666666,1.0,0.5,1.0,"""FCFS""","""FCFS""","""PB""","""FCFS""","""PB""","""FCFS"""
99999.0,99999.0,99999,"(7, 8)","""Node5""","""Node2""","""Node6""","""Node5""","""Node1""","""Node2""","""Node6""","""Node5""","""Node2""","""Node6""","""Node1""","""Adreno""","""MIPS""","""ARMv8""","""Adreno""","""MIPS""","""Adreno""",1.0,1.0,0.25,0.6666666666666666,0.5,1.0,"""FCFS""","""FCFS""","""PB""","""FCFS""","""PB""","""FCFS"""
0.00586539459330023,0.04139485893811238,5,"(5, 5)","""Node6""","""Node2""","""Node4""","""Node6""","""Node1""","""Node2""","""Node6""","""Node4""","""Node1""","""Node3""","""Node1""","""Adreno""","""MIPS""","""ARMv8""","""MIPS""","""Adreno""","""MIPS""",1.0,1.0,0.6666666666666666,1.0,0.5,1.0,"""FCFS""","""FCFS""","""PB""","""FCFS""","""PB""","""FCFS"""
0.0050531688653081604,0.039404340262796544,5,"(8, 8)","""Node4""","""Node2""","""Node2""","""Node4""","""Node5""","""Node1""","""Node6""","""Node2""","""Node5""","""Node6""","""Node6""","""Adreno""","""MIPS""","""ARMv8""","""Adreno""","""MIPS""","""MIPS""",1.0,1.0,0.6666666666666666,1.0,1.0,1.0,"""FCFS""","""FCFS""","""FCFS""","""FCFS""","""PB""","""FCFS"""
0.007215506497210541,0.03971040060647086,4,"(7, 8)","""Node4""","""Node4""","""Node6""","""Node4""","""Node2""","""Node1""","""Node6""","""Node2""","""Node1""","""Node2""","""Node2""","""MIPS""","""MIPS""","""ARMv8""","""Adreno""","""MIPS""","""Adreno""",1.0,1.0,0.6666666666666666,1.0,0.5,1.0,"""FCFS""","""FCFS""","""PB""","""FCFS""","""PB""","""FCFS"""
0.00579894991375305,0.03834141862810594,5,"(5, 8)","""Node1""","""Node4""","""Node5""","""Node1""","""Node4""","""Node6""","""Node2""","""Node2""","""Node6""","""Node2""","""Node2""","""Adreno""","""MIPS""","""ARMv8""","""Adreno""","""MIPS""","""MIPS""",0.6666666666666666,1.0,0.6666666666666666,1.0,0.5,1.0,"""FCFS""","""FCFS""","""PB""","""FCFS""","""PB""","""FCFS"""
99999.0,99999.0,99999,"(2, 2)","""Node1""","""Node4""","""Node2""","""Node2""","""Node1""","""Node6""","""Node4""","""Node6""","""Node6""","""Node6""","""Node6""","""Adreno""","""MIPS""","""ARMv8""","""Adreno""","""MIPS""","""MIPS""",1.0,1.0,0.6666666666666666,1.0,0.5,1.0,"""PB""","""FCFS""","""PB""","""FCFS""","""PB""","""FCFS"""
99999.0,99999.0,99999,"(7, 8)","""Node4""","""Node4""","""Node6""","""Node6""","""Node1""","""Node2""","""Node6""","""Node1""","""Node2""","""Node6""","""Node1""","""Adreno""","""MIPS""","""Adreno""","""Adreno""","""MIPS""","""MIPS""",1.0,1.0,0.5,1.0,0.5,1.0,"""FCFS""","""FCFS""","""PB""","""FCFS""","""PB""","""FCFS"""
0.005595987319205229,0.04053607450661279,5,"(8, 8)","""Node3""","""Node1""","""Node1""","""Node3""","""Node2""","""Node4""","""Node1""","""Node6""","""Node4""","""Node6""","""Node6""","""Adreno""","""MIPS""","""ARMv8""","""MIPS""","""MIPS""","""MIPS""",1.0,1.0,0.6666666666666666,1.0,0.5,1.0,"""FCFS""","""FCFS""","""PB""","""FCFS""","""PB""","""FCFS"""
99999.0,99999.0,99999,"(7, 8)","""Node4""","""Node3""","""Node4""","""Node4""","""Node2""","""Node3""","""Node4""","""Node6""","""Node2""","""Node6""","""Node6""","""Adreno""","""MIPS""","""MIPS""","""Adreno""","""MIPS""","""MIPS""",1.0,1.0,0.6666666666666666,1.0,0.5,1.0,"""FCFS""","""FCFS""","""PB""","""FCFS""","""PB""","""FCFS"""
0.00512671347882706,0.044406327917504915,6,"(2, 2)","""Node3""","""Node6""","""Node4""","""Node1""","""Node5""","""Node2""","""Node6""","""Node1""","""Node6""","""Node5""","""Node5""","""ARMv8""","""MIPS""","""ARMv8""","""Adreno""","""MIPS""","""MIPS""",1.0,1.0,0.6666666666666666,1.0,1.0,1.0,"""FCFS""","""FCFS""","""PB""","""FCFS""","""PB""","""FCFS"""
0.00405039542909999,0.04872374560566967,5,"(4, 4)","""Node6""","""Node1""","""Node6""","""Node3""","""Node4""","""Node2""","""Node6""","""Node3""","""Node2""","""Node3""","""Node2""","""Adreno""","""ARMv8""","""ARMv8""","""Adreno""","""MIPS""","""MIPS""",1.0,1.0,1.0,1.0,0.5,1.0,"""FCFS""","""FCFS""","""FCFS""","""FCFS""","""PB""","""FCFS"""
0.00575116171563735,0.0408966308586187,5,"(5, 5)","""Node2""","""Node4""","""Node6""","""Node2""","""Node1""","""Node4""","""Node6""","""Node2""","""Node3""","""Node6""","""Node3""","""Adreno""","""MIPS""","""MIPS""","""Adreno""","""MIPS""","""MIPS""",1.0,1.0,0.6666666666666666,1.0,0.5,1.0,"""FCFS""","""FCFS""","""FCFS""","""FCFS""","""PB""","""FCFS"""
99999.0,99999.0,99999,"(5, 8)","""Node6""","""Node4""","""Node6""","""Node2""","""Node2""","""Node4""","""Node6""","""Node6""","""Node1""","""Node2""","""Node2""","""Adreno""","""MIPS""","""ARMv8""","""Adreno""","""MIPS""","""MIPS""",1.0,1.0,0.6666666666666666,1.0,0.5,1.0,"""FCFS""","""FCFS""","""PB""","""FCFS""","""PB""","""FCFS"""
0.00556480895338006,0.039907752445906594,4,"(6, 8)","""Node4""","""Node4""","""Node2""","""Node4""","""Node1""","""Node6""","""Node2""","""Node6""","""Node1""","""Node6""","""Node6""","""Adreno""","""MIPS""","""ARMv8""","""Adreno""","""MIPS""","""MIPS""",1.0,1.0,0.6666666666666666,1.0,0.25,1.0,"""PB""","""FCFS""","""PB""","""FCFS""","""PB""","""FCFS"""
0.00572197932167888,0.039468254115425414,6,"(8, 8)","""Node1""","""Node5""","""Node2""","""Node1""","""Node4""","""Node6""","""Node2""","""Node3""","""Node4""","""Node6""","""Node6""","""Adreno""","""MIPS""","""ARMv8""","""Adreno""","""Adreno""","""MIPS""",1.0,1.0,0.6666666666666666,1.0,0.5,1.0,"""FCFS""","""FCFS""","""PB""","""FCFS""","""PB""","""FCFS"""
99999.0,99999.0,99999,"(7, 7)","""Node1""","""Node1""","""Node5""","""Node2""","""Node6""","""Node1""","""Node6""","""Node2""","""Node6""","""Node6""","""Node6""","""Adreno""","""MIPS""","""ARMv8""","""Adreno""","""MIPS""","""MIPS""",1.0,1.0,0.6666666666666666,1.0,0.5,1.0,"""FCFS""","""FCFS""","""PB""","""PB""","""PB""","""FCFS"""
0.00605799418959247,0.04100523450365659,5,"(7, 8)","""Node1""","""Node6""","""Node1""","""Node1""","""Node4""","""Node3""","""Node6""","""Node2""","""Node2""","""Node2""","""Node2""","""Adreno""","""MIPS""","""ARMv8""","""Adreno""","""MIPS""","""MIPS""",1.0,1.0,0.6666666666666666,1.0,0.5,1.0,"""FCFS""","""FCFS""","""PB""","""FCFS""","""PB""","""FCFS"""
0.00486846476130636,0.040991609188239804,6,"(6, 6)","""Node3""","""Node4""","""Node1""","""Node3""","""Node6""","""Node2""","""Node1""","""Node5""","""Node6""","""Node2""","""Node2""","""Adreno""","""MIPS""","""ARMv8""","""Adreno""","""MIPS""","""MIPS""",1.0,1.0,0.6666666666666666,0.5,0.5,1.0,"""FCFS""","""FCFS""","""FCFS""","""FCFS""","""PB""","""FCFS"""
0.00486846476130636,0.042953911680504525,4,"(2, 2)","""Node4""","""Node6""","""Node4""","""Node2""","""Node1""","""Node6""","""Node4""","""Node2""","""Node1""","""Node2""","""Node1""","""Adreno""","""MIPS""","""ARMv8""","""Adreno""","""MIPS""","""Adreno""",1.0,1.0,0.6666666666666666,1.0,1.0,1.0,"""FCFS""","""FCFS""","""PB""","""PB""","""PB""","""FCFS"""
0.0055025730406118795,0.04306661118814145,4,"(7, 8)","""Node2""","""Node1""","""Node1""","""Node2""","""Node6""","""Node4""","""Node1""","""Node2""","""Node4""","""Node6""","""Node6""","""Adreno""","""MIPS""","""ARMv8""","""ARMv8""","""MIPS""","""MIPS""",1.0,1.0,0.6666666666666666,1.0,0.5,1.0,"""FCFS""","""FCFS""","""PB""","""FCFS""","""PB""","""FCFS"""
0.00431045836085345,0.043622798002157376,4,"(7, 7)","""Node6""","""Node3""","""Node6""","""Node6""","""Node1""","""Node3""","""Node6""","""Node2""","""Node2""","""Node2""","""Node1""","""Adreno""","""MIPS""","""ARMv8""","""Adreno""","""MIPS""","""ARMv8""",1.0,1.0,0.6666666666666666,1.0,0.5,1.0,"""FCFS""","""FCFS""","""PB""","""FCFS""","""PB""","""FCFS"""
99999.0,99999.0,99999,"(4, 4)","""Node6""","""Node2""","""Node6""","""Node6""","""Node4""","""Node1""","""Node2""","""Node6""","""Node1""","""Node2""","""Node1""","""Adreno""","""MIPS""","""ARMv8""","""Adreno""","""MIPS""","""MIPS""",1.0,1.0,0.5,1.0,0.5,1.0,"""FCFS""","""FCFS""","""PB""","""FCFS""","""PB""","""FCFS"""
99999.0,99999.0,99999,"(4, 4)","""Node2""","""Node6""","""Node2""","""Node2""","""Node1""","""Node6""","""Node2""","""Node2""","""Node1""","""Node5""","""Node1""","""Adreno""","""MIPS""","""ARMv8""","""Adreno""","""MIPS""","""MIPS""",1.0,1.0,0.6666666666666666,0.5,0.5,0.5,"""FCFS""","""FCFS""","""PB""","""FCFS""","""PB""","""FCFS"""
0.0047478342147143,0.0432294418975492,4,"(6, 6)","""Node6""","""Node6""","""Node6""","""Node1""","""Node2""","""Node4""","""Node6""","""Node1""","""Node4""","""Node2""","""Node4""","""MIPS""","""MIPS""","""ARMv8""","""ARMv8""","""MIPS""","""MIPS""",1.0,1.0,0.6666666666666666,1.0,0.5,1.0,"""FCFS""","""FCFS""","""PB""","""FCFS""","""FCFS""","""FCFS"""
99999.0,99999.0,99999,"(2, 2)","""Node5""","""Node2""","""Node4""","""Node5""","""Node2""","""Node2""","""Node1""","""Node4""","""Node1""","""Node1""","""Node1""","""Adreno""","""MIPS""","""ARMv8""","""Adreno""","""MIPS""","""MIPS""",1.0,1.0,0.6666666666666666,1.0,0.5,0.25,"""FCFS""","""FCFS""","""PB""","""FCFS""","""PB""","""FCFS"""
0.00403083007833645,0.04515066921175076,6,"(7, 7)","""Node4""","""Node1""","""Node4""","""Node3""","""Node2""","""Node1""","""Node4""","""Node6""","""Node2""","""Node5""","""Node5""","""Adreno""","""MIPS""","""ARMv8""","""ARMv8""","""MIPS""","""MIPS""",1.0,1.0,0.6666666666666666,1.0,0.6666666666666666,0.6666666666666666,"""FCFS""","""FCFS""","""PB""","""FCFS""","""PB""","""FCFS"""
99999.0,99999.0,99999,"(6, 6)","""Node2""","""Node4""","""Node6""","""Node6""","""Node2""","""Node4""","""Node1""","""Node6""","""Node1""","""Node1""","""Node1""","""Adreno""","""MIPS""","""ARMv8""","""Adreno""","""MIPS""","""MIPS""",1.0,1.0,0.6666666666666666,1.0,0.5,1.0,"""FCFS""","""FCFS""","""PB""","""FCFS""","""FCFS""","""FCFS"""
0.0041319780848585105,0.04340645728141127,6,"(4, 4)","""Node3""","""Node6""","""Node3""","""Node3""","""Node4""","""Node6""","""Node2""","""Node1""","""Node5""","""Node1""","""Node5""","""Adreno""","""MIPS""","""Adreno""","""Adreno""","""MIPS""","""MIPS""",1.0,1.0,1.0,1.0,0.5,1.0,"""FCFS""","""FCFS""","""PB""","""FCFS""","""PB""","""FCFS"""
0.00414069573448943,0.0449758947056493,4,"(4, 4)","""Node4""","""Node5""","""Node4""","""Node2""","""Node5""","""Node6""","""Node4""","""Node2""","""Node6""","""Node2""","""Node2""","""Adreno""","""ARMv8""","""ARMv8""","""Adreno""","""MIPS""","""MIPS""",1.0,1.0,0.6666666666666666,1.0,1.0,1.0,"""FCFS""","""FCFS""","""PB""","""FCFS""","""PB""","""FCFS"""
99999.0,99999.0,99999,"(7, 7)","""Node4""","""Node3""","""Node2""","""Node4""","""Node6""","""Node3""","""Node2""","""Node6""","""Node6""","""Node6""","""Node6""","""Adreno""","""MIPS""","""ARMv8""","""Adreno""","""MIPS""","""MIPS""",0.25,1.0,0.6666666666666666,1.0,0.5,1.0,"""FCFS""","""FCFS""","""PB""","""FCFS""","""PB""","""FCFS"""
0.005243723108010171,0.040402779149000034,4,"(6, 6)","""Node6""","""Node2""","""Node6""","""Node1""","""Node4""","""Node2""","""Node6""","""Node1""","""Node4""","""Node1""","""Node4""","""MIPS""","""MIPS""","""MIPS""","""Adreno""","""MIPS""","""MIPS""",1.0,1.0,0.6666666666666666,1.0,0.5,1.0,"""FCFS""","""FCFS""","""PB""","""FCFS""","""PB""","""FCFS"""
99999.0,99999.0,99999,"(6, 8)","""Node3""","""Node4""","""Node4""","""Node3""","""Node6""","""Node2""","""Node4""","""Node6""","""Node6""","""Node2""","""Node2""","""Adreno""","""MIPS""","""ARMv8""","""Adreno""","""MIPS""","""MIPS""",1.0,1.0,0.6666666666666666,1.0,0.5,1.0,"""FCFS""","""FCFS""","""PB""","""FCFS""","""PB""","""FCFS"""
0.0053800163636764705,0.03758465593017208,5,"(8, 8)","""Node4""","""Node2""","""Node5""","""Node4""","""Node2""","""Node6""","""Node1""","""Node4""","""Node6""","""Node1""","""Node1""","""MIPS""","""MIPS""","""ARMv8""","""Adreno""","""MIPS""","""MIPS""",1.0,1.0,0.6666666666666666,1.0,0.5,1.0,"""FCFS""","""FCFS""","""FCFS""","""FCFS""","""PB""","""FCFS"""
0.00574863120596762,0.04241250905041157,6,"(5, 8)","""Node4""","""Node2""","""Node3""","""Node1""","""Node4""","""Node6""","""Node2""","""Node1""","""Node6""","""Node5""","""Node6""","""Adreno""","""MIPS""","""MIPS""","""Adreno""","""MIPS""","""MIPS""",1.0,1.0,0.6666666666666666,1.0,0.5,1.0,"""FCFS""","""FCFS""","""PB""","""PB""","""PB""","""FCFS"""
0.0040171533285459,0.04088135601798085,5,"(3, 3)","""Node6""","""Node3""","""Node4""","""Node6""","""Node1""","""Node3""","""Node4""","""Node2""","""Node2""","""Node2""","""Node2""","""Adreno""","""MIPS""","""ARMv8""","""Adreno""","""MIPS""","""Adreno""",1.0,1.0,0.6666666666666666,1.0,0.5,1.0,"""FCFS""","""FCFS""","""PB""","""FCFS""","""PB""","""FCFS"""
99999.0,99999.0,99999,"(2, 2)","""Node4""","""Node2""","""Node4""","""Node6""","""Node2""","""Node1""","""Node2""","""Node6""","""Node1""","""Node1""","""Node1""","""Adreno""","""MIPS""","""MIPS""","""Adreno""","""MIPS""","""Adreno""",1.0,1.0,0.6666666666666666,1.0,0.5,1.0,"""FCFS""","""FCFS""","""PB""","""FCFS""","""PB""","""FCFS"""
0.0048166178043733,0.04286824318305612,6,"(7, 8)","""Node2""","""Node1""","""Node3""","""Node2""","""Node6""","""Node1""","""Node4""","""Node5""","""Node4""","""Node4""","""Node4""","""Adreno""","""MIPS""","""ARMv8""","""Adreno""","""MIPS""","""MIPS""",1.0,1.0,0.6666666666666666,1.0,0.5,1.0,"""FCFS""","""FCFS""","""PB""","""FCFS""","""PB""","""FCFS"""
0.00403941489886111,0.04255378263751847,6,"(7, 8)","""Node6""","""Node3""","""Node1""","""Node4""","""Node2""","""Node3""","""Node6""","""Node4""","""Node2""","""Node5""","""Node2""","""Adreno""","""MIPS""","""ARMv8""","""Adreno""","""MIPS""","""MIPS""",1.0,1.0,0.6666666666666666,1.0,0.5,1.0,"""FCFS""","""PB""","""PB""","""FCFS""","""PB""","""FCFS"""
99999.0,99999.0,99999,"(3, 3)","""Node3""","""Node1""","""Node3""","""Node4""","""Node6""","""Node6""","""Node1""","""Node4""","""Node6""","""Node4""","""Node4""","""Adreno""","""MIPS""","""ARMv8""","""Adreno""","""ARMv8""","""MIPS""",1.0,0.6666666666666666,0.6666666666666666,1.0,0.5,1.0,"""PB""","""FCFS""","""PB""","""FCFS""","""FCFS""","""FCFS"""
99999.0,99999.0,99999,"(7, 7)","""Node3""","""Node2""","""Node1""","""Node3""","""Node6""","""Node2""","""Node1""","""Node2""","""Node6""","""Node2""","""Node6""","""Adreno""","""MIPS""","""Adreno""","""Adreno""","""MIPS""","""Adreno""",1.0,1.0,0.6666666666666666,0.5,0.5,1.0,"""FCFS""","""FCFS""","""PB""","""PB""","""PB""","""FCFS"""
99999.0,99999.0,99999,"(8, 8)","""Node6""","""Node1""","""Node4""","""Node6""","""Node2""","""Node1""","""Node4""","""Node6""","""Node1""","""Node2""","""Node2""","""Adreno""","""MIPS""","""Adreno""","""MIPS""","""MIPS""","""MIPS""",1.0,1.0,0.5,1.0,0.5,1.0,"""FCFS""","""FCFS""","""PB""","""FCFS""","""PB""","""FCFS"""
99999.0,99999.0,99999,"(8, 8)","""Node6""","""Node3""","""Node6""","""Node4""","""Node2""","""Node3""","""Node6""","""Node4""","""Node2""","""Node4""","""Node4""","""Adreno""","""MIPS""","""ARMv8""","""Adreno""","""MIPS""","""MIPS""",1.0,1.0,0.6666666666666666,1.0,0.5,0.6666666666666666,"""FCFS""","""FCFS""","""PB""","""FCFS""","""PB""","""FCFS"""
99999.0,99999.0,99999,"(5, 8)","""Node3""","""Node4""","""Node4""","""Node2""","""Node2""","""Node6""","""Node4""","""Node4""","""Node6""","""Node2""","""Node2""","""Adreno""","""MIPS""","""MIPS""","""Adreno""","""MIPS""","""MIPS""",1.0,1.0,0.6666666666666666,1.0,0.5,1.0,"""FCFS""","""FCFS""","""PB""","""FCFS""","""FCFS""","""FCFS"""
0.0033839056764647197,0.04392986656148322,5,"(7, 8)","""Node3""","""Node3""","""Node2""","""Node4""","""Node1""","""Node3""","""Node2""","""Node4""","""Node2""","""Node6""","""Node6""","""Adreno""","""MIPS""","""ARMv8""","""Adreno""","""MIPS""","""MIPS""",1.0,1.0,1.0,1.0,0.5,1.0,"""FCFS""","""FCFS""","""PB""","""FCFS""","""PB""","""FCFS"""
0.00624205963735957,0.04318390150929947,5,"(7, 8)","""Node3""","""Node2""","""Node6""","""Node2""","""Node1""","""Node4""","""Node6""","""Node2""","""Node4""","""Node1""","""Node4""","""Adreno""","""MIPS""","""ARMv8""","""Adreno""","""Adreno""","""MIPS""",1.0,1.0,0.6666666666666666,1.0,0.5,1.0,"""PB""","""FCFS""","""PB""","""FCFS""","""PB""","""FCFS"""
99999.0,99999.0,99999,"(2, 2)","""Node2""","""Node4""","""Node6""","""Node2""","""Node2""","""Node4""","""Node6""","""Node1""","""Node6""","""Node1""","""Node1""","""Adreno""","""MIPS""","""MIPS""","""Adreno""","""MIPS""","""Adreno""",1.0,1.0,0.6666666666666666,1.0,0.5,1.0,"""FCFS""","""FCFS""","""PB""","""FCFS""","""PB""","""FCFS"""
99999.0,99999.0,99999,"(2, 2)","""Node3""","""Node4""","""Node3""","""Node6""","""Node2""","""Node4""","""Node3""","""Node6""","""Node6""","""Node6""","""Node6""","""Adreno""","""ARMv8""","""MIPS""","""Adreno""","""MIPS""","""MIPS""",1.0,1.0,0.6666666666666666,1.0,0.5,1.0,"""FCFS""","""FCFS""","""PB""","""FCFS""","""PB""","""FCFS"""
0.004036346701174071,0.04051474334869778,4,"(3, 3)","""Node6""","""Node6""","""Node6""","""Node2""","""Node1""","""Node5""","""Node6""","""Node2""","""Node5""","""Node1""","""Node5""","""Adreno""","""MIPS""","""ARMv8""","""Adreno""","""MIPS""","""MIPS""",1.0,1.0,0.6666666666666666,0.6666666666666666,1.0,1.0,"""FCFS""","""FCFS""","""PB""","""FCFS""","""PB""","""FCFS"""
99999.0,99999.0,99999,"(7, 7)","""Node6""","""Node6""","""Node1""","""Node4""","""Node6""","""Node6""","""Node1""","""Node4""","""Node4""","""Node5""","""Node5""","""Adreno""","""MIPS""","""Adreno""","""Adreno""","""MIPS""","""MIPS""",1.0,1.0,0.6666666666666666,1.0,0.5,1.0,"""PB""","""FCFS""","""PB""","""FCFS""","""FCFS""","""FCFS"""
99999.0,99999.0,99999,"(7, 8)","""Node1""","""Node1""","""Node1""","""Node1""","""Node6""","""Node4""","""Node2""","""Node2""","""Node6""","""Node2""","""Node2""","""Adreno""","""MIPS""","""MIPS""","""Adreno""","""MIPS""","""MIPS""",1.0,1.0,0.6666666666666666,1.0,0.5,1.0,"""FCFS""","""FCFS""","""PB""","""FCFS""","""PB""","""FCFS"""
0.003343087481362,0.04020587988048382,5,"(5, 5)","""Node3""","""Node2""","""Node3""","""Node4""","""Node1""","""Node2""","""Node6""","""Node4""","""Node6""","""Node6""","""Node6""","""Adreno""","""MIPS""","""MIPS""","""Adreno""","""ARMv8""","""MIPS""",1.0,1.0,0.6666666666666666,1.0,0.5,1.0,"""FCFS""","""PB""","""PB""","""FCFS""","""PB""","""FCFS"""
0.0034107181731916,0.04203002016526493,5,"(3, 3)","""Node1""","""Node6""","""Node1""","""Node4""","""Node2""","""Node6""","""Node1""","""Node4""","""Node2""","""Node3""","""Node3""","""Adreno""","""MIPS""","""ARMv8""","""Adreno""","""MIPS""","""MIPS""",1.0,1.0,0.6666666666666666,1.0,0.6666666666666666,1.0,"""FCFS""","""FCFS""","""FCFS""","""FCFS""","""PB""","""PB"""
0.0046616167064354,0.0439778147516385,5,"(4, 4)","""Node1""","""Node4""","""Node5""","""Node3""","""Node1""","""Node4""","""Node2""","""Node5""","""Node2""","""Node2""","""Node2""","""Adreno""","""MIPS""","""ARMv8""","""ARMv8""","""MIPS""","""MIPS""",1.0,1.0,0.6666666666666666,1.0,1.0,0.5,"""FCFS""","""FCFS""","""PB""","""FCFS""","""PB""","""FCFS"""
0.00404938465910332,0.04013038874019092,6,"(6, 6)","""Node5""","""Node5""","""Node2""","""Node1""","""Node1""","""Node3""","""Node2""","""Node6""","""Node4""","""Node6""","""Node4""","""Adreno""","""MIPS""","""ARMv8""","""Adreno""","""MIPS""","""MIPS""",1.0,1.0,0.6666666666666666,0.6666666666666666,0.5,1.0,"""FCFS""","""FCFS""","""PB""","""FCFS""","""PB""","""PB"""
0.0052797087281084105,0.039367710941099886,6,"(7, 8)","""Node4""","""Node5""","""Node3""","""Node4""","""Node1""","""Node2""","""Node4""","""Node6""","""Node6""","""Node2""","""Node6""","""Adreno""","""MIPS""","""ARMv8""","""MIPS""","""MIPS""","""MIPS""",1.0,1.0,0.6666666666666666,1.0,0.5,1.0,"""FCFS""","""FCFS""","""PB""","""FCFS""","""PB""","""FCFS"""
0.0055522710702727105,0.041149264655318686,5,"(7, 8)","""Node3""","""Node1""","""Node1""","""Node3""","""Node2""","""Node5""","""Node1""","""Node1""","""Node4""","""Node2""","""Node2""","""Adreno""","""MIPS""","""ARMv8""","""Adreno""","""MIPS""","""MIPS""",1.0,1.0,0.6666666666666666,1.0,0.6666666666666666,0.25,"""FCFS""","""FCFS""","""PB""","""FCFS""","""PB""","""FCFS"""
0.00554009009165854,0.04191492804330496,6,"(7, 8)","""Node1""","""Node5""","""Node2""","""Node1""","""Node6""","""Node4""","""Node1""","""Node2""","""Node4""","""Node3""","""Node4""","""MIPS""","""MIPS""","""ARMv8""","""Adreno""","""Adreno""","""MIPS""",1.0,1.0,0.6666666666666666,1.0,0.6666666666666666,1.0,"""FCFS""","""FCFS""","""FCFS""","""FCFS""","""PB""","""PB"""
0.004601255322387639,0.04106862981804822,5,"(5, 5)","""Node1""","""Node2""","""Node1""","""Node6""","""Node4""","""Node5""","""Node1""","""Node6""","""Node4""","""Node6""","""Node4""","""Adreno""","""MIPS""","""ARMv8""","""Adreno""","""MIPS""","""MIPS""",1.0,1.0,0.6666666666666666,1.0,0.6666666666666666,1.0,"""FCFS""","""FCFS""","""FCFS""","""FCFS""","""PB""","""PB"""
0.004666998610742721,0.03864983287112719,6,"(6, 6)","""Node1""","""Node6""","""Node1""","""Node1""","""Node5""","""Node3""","""Node6""","""Node3""","""Node2""","""Node4""","""Node2""","""Adreno""","""MIPS""","""Adreno""","""Adreno""","""Adreno""","""MIPS""",1.0,1.0,0.6666666666666666,1.0,0.6666666666666666,1.0,"""FCFS""","""FCFS""","""FCFS""","""PB""","""PB""","""PB"""
99999.0,99999.0,99999,"(6, 8)","""Node5""","""Node6""","""Node6""","""Node5""","""Node4""","""Node2""","""Node6""","""Node6""","""Node4""","""Node2""","""Node2""","""Adreno""","""MIPS""","""ARMv8""","""Adreno""","""MIPS""","""Adreno""",1.0,1.0,0.6666666666666666,1.0,0.6666666666666666,1.0,"""PB""","""FCFS""","""FCFS""","""FCFS""","""PB""","""PB"""
99999.0,99999.0,99999,"(4, 4)","""Node1""","""Node3""","""Node4""","""Node1""","""Node6""","""Node6""","""Node4""","""Node3""","""Node6""","""Node3""","""Node6""","""Adreno""","""MIPS""","""ARMv8""","""Adreno""","""MIPS""","""MIPS""",1.0,0.5,1.0,1.0,0.6666666666666666,1.0,"""FCFS""","""FCFS""","""FCFS""","""FCFS""","""PB""","""PB"""
0.00495929732937065,0.0417673058394326,6,"(3, 3)","""Node5""","""Node1""","""Node3""","""Node2""","""Node4""","""Node1""","""Node6""","""Node2""","""Node4""","""Node3""","""Node4""","""Adreno""","""MIPS""","""MIPS""","""Adreno""","""MIPS""","""MIPS""",1.0,1.0,0.6666666666666666,1.0,0.5,1.0,"""FCFS""","""FCFS""","""FCFS""","""FCFS""","""FCFS""","""PB"""
0.0045371776525717795,0.04071767407097314,5,"(7, 8)","""Node1""","""Node6""","""Node2""","""Node1""","""Node4""","""Node3""","""Node6""","""Node2""","""Node4""","""Node2""","""Node4""","""Adreno""","""MIPS""","""ARMv8""","""Adreno""","""MIPS""","""MIPS""",1.0,1.0,0.6666666666666666,1.0,0.6666666666666666,1.0,"""FCFS""","""FCFS""","""FCFS""","""FCFS""","""FCFS""","""PB"""
0.004160630942942721,0.04265081181125625,5,"(2, 2)","""Node2""","""Node1""","""Node2""","""Node6""","""Node4""","""Node1""","""Node2""","""Node6""","""Node4""","""Node6""","""Node3""","""Adreno""","""MIPS""","""ARMv8""","""Adreno""","""MIPS""","""MIPS""",1.0,1.0,0.6666666666666666,1.0,0.25,1.0,"""FCFS""","""FCFS""","""FCFS""","""FCFS""","""PB""","""PB"""
0.00416020900842565,0.04330913760984929,6,"(7, 8)","""Node3""","""Node2""","""Node5""","""Node1""","""Node4""","""Node6""","""Node2""","""Node1""","""Node6""","""Node1""","""Node6""","""Adreno""","""MIPS""","""ARMv8""","""Adreno""","""MIPS""","""MIPS""",1.0,1.0,0.6666666666666666,1.0,0.6666666666666666,1.0,"""PB""","""FCFS""","""FCFS""","""PB""","""PB""","""PB"""
99999.0,99999.0,99999,"(6, 6)","""Node4""","""Node2""","""Node2""","""Node4""","""Node1""","""Node5""","""Node2""","""Node2""","""Node1""","""Node2""","""Node1""","""Adreno""","""MIPS""","""ARMv8""","""Adreno""","""MIPS""","""Adreno""",1.0,1.0,0.6666666666666666,1.0,0.6666666666666666,1.0,"""FCFS""","""FCFS""","""FCFS""","""FCFS""","""PB""","""PB"""
99999.0,99999.0,99999,"(3, 3)","""Node1""","""Node2""","""Node1""","""Node5""","""Node2""","""Node2""","""Node3""","""Node5""","""Node2""","""Node5""","""Node5""","""Adreno""","""MIPS""","""MIPS""","""Adreno""","""MIPS""","""MIPS""",1.0,1.0,0.6666666666666666,1.0,0.6666666666666666,0.5,"""FCFS""","""FCFS""","""FCFS""","""FCFS""","""PB""","""PB"""
99999.0,99999.0,99999,"(7, 8)","""Node1""","""Node3""","""Node6""","""Node1""","""Node3""","""Node2""","""Node6""","""Node6""","""Node2""","""Node6""","""Node6""","""MIPS""","""MIPS""","""ARMv8""","""Adreno""","""MIPS""","""MIPS""",1.0,1.0,0.6666666666666666,0.6666666666666666,0.6666666666666666,1.0,"""FCFS""","""PB""","""FCFS""","""FCFS""","""PB""","""FCFS"""
0.00431101625067559,0.04033392433682045,6,"(6, 6)","""Node5""","""Node3""","""Node5""","""Node6""","""Node1""","""Node3""","""Node4""","""Node6""","""Node2""","""Node6""","""Node2""","""Adreno""","""MIPS""","""ARMv8""","""Adreno""","""MIPS""","""MIPS""",1.0,1.0,0.6666666666666666,1.0,0.6666666666666666,1.0,"""FCFS""","""FCFS""","""FCFS""","""PB""","""PB""","""PB"""
0.00489871860643217,0.040741529761650616,6,"(4, 4)","""Node3""","""Node2""","""Node1""","""Node6""","""Node4""","""Node2""","""Node1""","""Node6""","""Node4""","""Node5""","""Node4""","""Adreno""","""MIPS""","""ARMv8""","""Adreno""","""MIPS""","""MIPS""",1.0,1.0,0.25,1.0,0.6666666666666666,1.0,"""PB""","""FCFS""","""FCFS""","""FCFS""","""PB""","""PB"""
0.0059517726161619705,0.04159465265943718,6,"(2, 2)","""Node5""","""Node1""","""Node4""","""Node4""","""Node3""","""Node1""","""Node4""","""Node4""","""Node6""","""Node2""","""Node2""","""Adreno""","""MIPS""","""ARMv8""","""Adreno""","""MIPS""","""MIPS""",1.0,1.0,0.6666666666666666,1.0,0.6666666666666666,1.0,"""FCFS""","""FCFS""","""PB""","""FCFS""","""PB""","""PB"""
99999.0,99999.0,99999,"(6, 6)","""Node1""","""Node1""","""Node4""","""Node5""","""Node2""","""Node1""","""Node4""","""Node5""","""Node4""","""Node2""","""Node2""","""Adreno""","""MIPS""","""MIPS""","""MIPS""","""MIPS""","""MIPS""",1.0,1.0,0.6666666666666666,0.6666666666666666,0.6666666666666666,0.5,"""FCFS""","""FCFS""","""FCFS""","""FCFS""","""PB""","""PB"""
0.00430474731920939,0.04855970893615963,6,"(3, 3)","""Node4""","""Node2""","""Node5""","""Node4""","""Node1""","""Node6""","""Node2""","""Node3""","""Node6""","""Node3""","""Node6""","""Adreno""","""ARMv8""","""ARMv8""","""Adreno""","""MIPS""","""ARMv8""",1.0,1.0,0.6666666666666666,1.0,0.6666666666666666,1.0,"""FCFS""","""FCFS""","""FCFS""","""FCFS""","""PB""","""FCFS"""
0.0039118981891119,0.04207113650362981,5,"(7, 7)","""Node2""","""Node3""","""Node2""","""Node6""","""Node1""","""Node4""","""Node2""","""Node6""","""Node1""","""Node4""","""Node1""","""Adreno""","""MIPS""","""ARMv8""","""Adreno""","""MIPS""","""MIPS""",1.0,1.0,0.6666666666666666,1.0,0.6666666666666666,1.0,"""FCFS""","""FCFS""","""PB""","""FCFS""","""PB""","""PB"""
0.00444126413728705,0.04062738876743055,5,"(4, 4)","""Node6""","""Node6""","""Node4""","""Node2""","""Node1""","""Node3""","""Node4""","""Node2""","""Node1""","""Node4""","""Node1""","""Adreno""","""MIPS""","""ARMv8""","""MIPS""","""MIPS""","""MIPS""",1.0,1.0,0.6666666666666666,1.0,0.5,1.0,"""FCFS""","""FCFS""","""FCFS""","""FCFS""","""PB""","""PB"""
0.0052217989958476705,0.04196254278909585,5,"(7, 8)","""Node5""","""Node2""","""Node5""","""Node1""","""Node3""","""Node6""","""Node2""","""Node2""","""Node3""","""Node6""","""Node6""","""Adreno""","""MIPS""","""ARMv8""","""Adreno""","""MIPS""","""MIPS""",1.0,1.0,1.0,0.6666666666666666,0.6666666666666666,1.0,"""FCFS""","""FCFS""","""FCFS""","""FCFS""","""PB""","""PB"""
0.00559250406410268,0.039473049331797086,6,"(3, 3)","""Node5""","""Node4""","""Node1""","""Node4""","""Node6""","""Node3""","""Node2""","""Node4""","""Node6""","""Node2""","""Node2""","""Adreno""","""MIPS""","""ARMv8""","""Adreno""","""MIPS""","""MIPS""",1.0,1.0,0.6666666666666666,1.0,0.6666666666666666,1.0,"""FCFS""","""FCFS""","""FCFS""","""FCFS""","""PB""","""PB"""
99999.0,99999.0,99999,"(5, 5)","""Node4""","""Node2""","""Node1""","""Node4""","""Node6""","""Node2""","""Node1""","""Node2""","""Node2""","""Node6""","""Node6""","""Adreno""","""MIPS""","""ARMv8""","""ARMv8""","""MIPS""","""MIPS""",1.0,1.0,0.6666666666666666,1.0,0.6666666666666666,1.0,"""FCFS""","""FCFS""","""FCFS""","""FCFS""","""PB""","""PB"""
0.00601395149744222,0.042144075241645935,5,"(5, 5)","""Node2""","""Node5""","""Node6""","""Node2""","""Node4""","""Node1""","""Node6""","""Node2""","""Node4""","""Node6""","""Node4""","""Adreno""","""MIPS""","""ARMv8""","""Adreno""","""MIPS""","""MIPS""",1.0,1.0,0.25,1.0,0.6666666666666666,1.0,"""FCFS""","""FCFS""","""FCFS""","""FCFS""","""PB""","""PB"""
99999.0,99999.0,99999,"(7, 8)","""Node2""","""Node6""","""Node2""","""Node2""","""Node1""","""Node4""","""Node2""","""Node6""","""Node1""","""Node6""","""Node6""","""Adreno""","""MIPS""","""ARMv8""","""MIPS""","""MIPS""","""MIPS""",1.0,1.0,0.6666666666666666,1.0,0.6666666666666666,1.0,"""FCFS""","""FCFS""","""PB""","""FCFS""","""PB""","""PB"""
99999.0,99999.0,99999,"(6, 6)","""Node2""","""Node1""","""Node2""","""Node5""","""Node6""","""Node1""","""Node2""","""Node5""","""Node6""","""Node6""","""Node6""","""Adreno""","""MIPS""","""ARMv8""","""Adreno""","""MIPS""","""MIPS""",1.0,1.0,0.6666666666666666,1.0,0.6666666666666666,1.0,"""FCFS""","""FCFS""","""PB""","""FCFS""","""PB""","""PB"""
0.00428865021696927,0.04191546582917737,5,"(6, 6)","""Node2""","""Node3""","""Node2""","""Node4""","""Node4""","""Node3""","""Node2""","""Node1""","""Node1""","""Node5""","""Node5""","""Adreno""","""MIPS""","""ARMv8""","""ARMv8""","""MIPS""","""MIPS""",1.0,1.0,0.6666666666666666,1.0,0.6666666666666666,0.25,"""FCFS""","""FCFS""","""FCFS""","""FCFS""","""PB""","""PB"""
0.0037987610574050003,0.043779097160133264,6,"(7, 7)","""Node1""","""Node3""","""Node2""","""Node1""","""Node4""","""Node3""","""Node1""","""Node5""","""Node4""","""Node5""","""Node6""","""ARMv8""","""Adreno""","""ARMv8""","""Adreno""","""MIPS""","""MIPS""",1.0,1.0,0.6666666666666666,1.0,0.6666666666666666,0.5,"""FCFS""","""FCFS""","""FCFS""","""FCFS""","""PB""","""PB"""
0.00458922254616389,0.041811698698726765,6,"(7, 7)","""Node6""","""Node6""","""Node1""","""Node6""","""Node3""","""Node4""","""Node1""","""Node5""","""Node2""","""Node2""","""Node2""","""Adreno""","""MIPS""","""ARMv8""","""Adreno""","""MIPS""","""MIPS""",1.0,1.0,0.6666666666666666,1.0,0.5,1.0,"""FCFS""","""FCFS""","""FCFS""","""FCFS""","""PB""","""PB"""
99999.0,99999.0,99999,"(3, 3)","""Node6""","""Node5""","""Node6""","""Node6""","""Node6""","""Node5""","""Node4""","""Node3""","""Node4""","""Node4""","""Node4""","""Adreno""","""MIPS""","""ARMv8""","""Adreno""","""MIPS""","""MIPS""",0.6666666666666666,0.5,0.6666666666666666,1.0,0.6666666666666666,1.0,"""FCFS""","""FCFS""","""FCFS""","""FCFS""","""PB""","""PB"""
99999.0,99999.0,99999,"(5, 5)","""Node2""","""Node6""","""Node1""","""Node2""","""Node6""","""Node6""","""Node1""","""Node5""","""Node6""","""Node5""","""Node5""","""Adreno""","""MIPS""","""ARMv8""","""Adreno""","""MIPS""","""MIPS""",1.0,0.5,0.25,1.0,0.6666666666666666,1.0,"""FCFS""","""FCFS""","""FCFS""","""FCFS""","""PB""","""PB"""
0.00459537876878425,0.042895000484489264,6,"(5, 5)","""Node1""","""Node3""","""Node2""","""Node4""","""Node6""","""Node1""","""Node2""","""Node4""","""Node6""","""Node5""","""Node6""","""Adreno""","""MIPS""","""ARMv8""","""Adreno""","""MIPS""","""MIPS""",1.0,1.0,0.6666666666666666,1.0,0.5,1.0,"""FCFS""","""FCFS""","""FCFS""","""FCFS""","""PB""","""PB"""
0.00430970914773847,0.04040458188449778,6,"(6, 6)","""Node6""","""Node6""","""Node2""","""Node1""","""Node4""","""Node6""","""Node2""","""Node5""","""Node3""","""Node5""","""Node3""","""Adreno""","""MIPS""","""ARMv8""","""Adreno""","""MIPS""","""MIPS""",1.0,1.0,0.6666666666666666,1.0,0.6666666666666666,1.0,"""PB""","""FCFS""","""FCFS""","""FCFS""","""PB""","""PB"""
99999.0,99999.0,99999,"(2, 2)","""Node2""","""Node2""","""Node4""","""Node5""","""Node2""","""Node1""","""Node2""","""Node5""","""Node1""","""Node5""","""Node1""","""MIPS""","""MIPS""","""ARMv8""","""Adreno""","""MIPS""","""MIPS""",1.0,1.0,0.6666666666666666,1.0,0.6666666666666666,0.25,"""FCFS""","""FCFS""","""FCFS""","""FCFS""","""PB""","""PB"""
99999.0,99999.0,99999,"(7, 8)","""Node6""","""Node4""","""Node6""","""Node6""","""Node2""","""Node4""","""Node6""","""Node4""","""Node1""","""Node2""","""Node2""","""Adreno""","""MIPS""","""ARMv8""","""ARMv8""","""MIPS""","""MIPS""",1.0,1.0,0.6666666666666666,1.0,0.6666666666666666,1.0,"""FCFS""","""FCFS""","""FCFS""","""FCFS""","""PB""","""PB"""
0.00544431296812192,0.04300886699303201,5,"(6, 8)","""Node4""","""Node2""","""Node6""","""Node1""","""Node4""","""Node2""","""Node6""","""Node1""","""Node3""","""Node1""","""Node3""","""Adreno""","""MIPS""","""ARMv8""","""Adreno""","""MIPS""","""MIPS""",1.0,1.0,0.6666666666666666,1.0,0.6666666666666666,1.0,"""FCFS""","""FCFS""","""FCFS""","""FCFS""","""PB""","""FCFS"""
0.00541760563038636,0.042448575068374725,5,"(6, 6)","""Node2""","""Node5""","""Node6""","""Node2""","""Node4""","""Node1""","""Node5""","""Node6""","""Node1""","""Node4""","""Node1""","""Adreno""","""MIPS""","""ARMv8""","""Adreno""","""MIPS""","""MIPS""",1.0,1.0,0.6666666666666666,1.0,0.6666666666666666,1.0,"""FCFS""","""PB""","""FCFS""","""FCFS""","""PB""","""PB"""
0.0051853295458316895,0.04021580590739325,6,"(6, 8)","""Node1""","""Node4""","""Node5""","""Node1""","""Node6""","""Node4""","""Node3""","""Node5""","""Node2""","""Node6""","""Node6""","""Adreno""","""MIPS""","""ARMv8""","""Adreno""","""Adreno""","""MIPS""",1.0,1.0,0.6666666666666666,1.0,0.6666666666666666,1.0,"""FCFS""","""FCFS""","""FCFS""","""FCFS""","""FCFS""","""PB"""
0.004458626908611971,0.040662995169500164,5,"(8, 8)","""Node1""","""Node4""","""Node5""","""Node6""","""Node1""","""Node4""","""Node2""","""Node6""","""Node2""","""Node2""","""Node2""","""Adreno""","""MIPS""","""Adreno""","""Adreno""","""MIPS""","""MIPS""",1.0,1.0,0.6666666666666666,1.0,0.6666666666666666,1.0,"""FCFS""","""FCFS""","""FCFS""","""FCFS""","""PB""","""PB"""
0.00545850828475346,0.03867439287599445,6,"(5, 8)","""Node3""","""Node2""","""Node2""","""Node4""","""Node1""","""Node6""","""Node2""","""Node4""","""Node5""","""Node6""","""Node6""","""Adreno""","""MIPS""","""ARMv8""","""Adreno""","""MIPS""","""MIPS""",1.0,1.0,0.6666666666666666,1.0,0.6666666666666666,1.0,"""FCFS""","""FCFS""","""FCFS""","""FCFS""","""FCFS""","""PB"""
99999.0,99999.0,99999,"(8, 8)","""Node4""","""Node5""","""Node4""","""Node2""","""Node6""","""Node5""","""Node4""","""Node2""","""Node6""","""Node6""","""Node6""","""Adreno""","""Adreno""","""ARMv8""","""Adreno""","""MIPS""","""MIPS""",0.6666666666666666,1.0,0.6666666666666666,1.0,0.6666666666666666,1.0,"""FCFS""","""FCFS""","""FCFS""","""PB""","""PB""","""PB"""
0.0038176419433996796,0.043974783209871464,5,"(7, 8)","""Node2""","""Node1""","""Node2""","""Node6""","""Node4""","""Node1""","""Node2""","""Node6""","""Node5""","""Node6""","""Node5""","""Adreno""","""MIPS""","""ARMv8""","""Adreno""","""MIPS""","""Adreno""",1.0,1.0,0.6666666666666666,1.0,0.6666666666666666,1.0,"""FCFS""","""FCFS""","""FCFS""","""FCFS""","""PB""","""PB"""
99999.0,99999.0,99999,"(7, 8)","""Node6""","""Node6""","""Node6""","""Node6""","""Node4""","""Node1""","""Node6""","""Node3""","""Node3""","""Node6""","""Node1""","""Adreno""","""MIPS""","""ARMv8""","""Adreno""","""MIPS""","""MIPS""",1.0,0.25,0.6666666666666666,1.0,0.25,1.0,"""FCFS""","""FCFS""","""FCFS""","""FCFS""","""PB""","""PB"""
0.00425154147377907,0.04199397721884469,6,"(7, 8)","""Node2""","""Node4""","""Node2""","""Node2""","""Node6""","""Node4""","""Node1""","""Node3""","""Node1""","""Node5""","""Node5""","""Adreno""","""MIPS""","""ARMv8""","""Adreno""","""MIPS""","""MIPS""",1.0,1.0,0.6666666666666666,1.0,0.6666666666666666,1.0,"""FCFS""","""FCFS""","""FCFS""","""FCFS""","""PB""","""PB"""
99999.0,99999.0,99999,"(7, 8)","""Node4""","""Node1""","""Node1""","""Node4""","""Node6""","""Node2""","""Node1""","""Node2""","""Node6""","""Node1""","""Node2""","""MIPS""","""MIPS""","""ARMv8""","""Adreno""","""MIPS""","""MIPS""",1.0,1.0,0.6666666666666666,1.0,0.6666666666666666,1.0,"""PB""","""FCFS""","""FCFS""","""FCFS""","""PB""","""PB"""
0.00429862553312929,0.04311982336965307,5,"(7, 8)","""Node4""","""Node4""","""Node4""","""Node6""","""Node1""","""Node3""","""Node4""","""Node6""","""Node1""","""Node2""","""Node1""","""Adreno""","""ARMv8""","""ARMv8""","""Adreno""","""MIPS""","""MIPS""",1.0,1.0,0.6666666666666666,1.0,0.6666666666666666,1.0,"""FCFS""","""PB""","""FCFS""","""FCFS""","""PB""","""FCFS"""
0.0036959829602244,0.0420505107307872,4,"(5, 8)","""Node4""","""Node1""","""Node4""","""Node1""","""Node2""","""Node6""","""Node4""","""Node1""","""Node6""","""Node2""","""Node6""","""Adreno""","""MIPS""","""ARMv8""","""Adreno""","""MIPS""","""MIPS""",1.0,1.0,0.6666666666666666,1.0,0.6666666666666666,1.0,"""FCFS""","""FCFS""","""FCFS""","""FCFS""","""PB""","""PB"""
0.00576274033134329,0.0400916842785143,4,"(7, 8)","""Node4""","""Node1""","""Node4""","""Node4""","""Node6""","""Node1""","""Node2""","""Node1""","""Node6""","""Node2""","""Node2""","""Adreno""","""MIPS""","""ARMv8""","""Adreno""","""Adreno""","""MIPS""",1.0,1.0,0.25,1.0,0.6666666666666666,1.0,"""PB""","""FCFS""","""FCFS""","""FCFS""","""PB""","""PB"""
0.00592971034593087,0.04001568611725242,5,"(4, 4)","""Node5""","""Node4""","""Node1""","""Node4""","""Node6""","""Node2""","""Node1""","""Node4""","""Node6""","""Node2""","""Node2""","""Adreno""","""MIPS""","""ARMv8""","""Adreno""","""MIPS""","""MIPS""",1.0,1.0,0.6666666666666666,1.0,0.6666666666666666,1.0,"""FCFS""","""FCFS""","""FCFS""","""FCFS""","""PB""","""PB"""
99999.0,99999.0,99999,"(4, 4)","""Node2""","""Node2""","""Node4""","""Node1""","""Node6""","""Node2""","""Node4""","""Node1""","""Node4""","""Node1""","""Node1""","""Adreno""","""MIPS""","""ARMv8""","""Adreno""","""MIPS""","""ARMv8""",1.0,0.6666666666666666,0.6666666666666666,1.0,0.6666666666666666,1.0,"""FCFS""","""FCFS""","""PB""","""FCFS""","""FCFS""","""PB"""
0.00341857061357842,0.04271305502664769,5,"(8, 8)","""Node1""","""Node3""","""Node2""","""Node1""","""Node4""","""Node3""","""Node6""","""Node2""","""Node6""","""Node6""","""Node6""","""Adreno""","""Adreno""","""ARMv8""","""Adreno""","""MIPS""","""MIPS""",1.0,1.0,0.6666666666666666,1.0,0.6666666666666666,1.0,"""FCFS""","""FCFS""","""FCFS""","""FCFS""","""PB""","""PB"""
0.00560446439230717,0.038379874082986834,5,"(7, 7)","""Node1""","""Node1""","""Node4""","""Node1""","""Node6""","""Node5""","""Node2""","""Node4""","""Node6""","""Node2""","""Node2""","""MIPS""","""MIPS""","""Adreno""","""Adreno""","""MIPS""","""MIPS""",1.0,1.0,1.0,1.0,0.6666666666666666,1.0,"""FCFS""","""FCFS""","""FCFS""","""FCFS""","""PB""","""PB"""
0.00413598796555119,0.04160895345624871,4,"(5, 8)","""Node4""","""Node4""","""Node1""","""Node4""","""Node6""","""Node2""","""Node2""","""Node1""","""Node6""","""Node1""","""Node6""","""MIPS""","""MIPS""","""ARMv8""","""Adreno""","""MIPS""","""MIPS""",1.0,1.0,0.6666666666666666,1.0,0.6666666666666666,1.0,"""PB""","""FCFS""","""FCFS""","""FCFS""","""PB""","""PB"""
0.005055588279586539,0.0424319495233924,6,"(2, 2)","""Node4""","""Node4""","""Node3""","""Node5""","""Node6""","""Node4""","""Node2""","""Node1""","""Node2""","""Node1""","""Node1""","""Adreno""","""MIPS""","""Adreno""","""Adreno""","""MIPS""","""MIPS""",1.0,1.0,0.6666666666666666,1.0,0.6666666666666666,1.0,"""FCFS""","""FCFS""","""FCFS""","""FCFS""","""PB""","""PB"""
99999.0,99999.0,99999,"(5, 5)","""Node4""","""Node1""","""Node4""","""Node2""","""Node6""","""Node6""","""Node4""","""Node2""","""Node6""","""Node2""","""Node6""","""Adreno""","""MIPS""","""ARMv8""","""Adreno""","""MIPS""","""MIPS""",0.6666666666666666,1.0,0.25,1.0,0.5,1.0,"""FCFS""","""PB""","""FCFS""","""FCFS""","""PB""","""PB"""
0.0038037282200567,0.041191942985415085,5,"(7, 8)","""Node4""","""Node4""","""Node1""","""Node1""","""Node6""","""Node4""","""Node2""","""Node5""","""Node2""","""Node2""","""Node2""","""Adreno""","""MIPS""","""ARMv8""","""Adreno""","""MIPS""","""MIPS""",1.0,1.0,0.6666666666666666,1.0,0.6666666666666666,1.0,"""FCFS""","""PB""","""FCFS""","""FCFS""","""PB""","""PB"""
0.00441905407327955,0.04077692467595878,5,"(7, 8)","""Node1""","""Node1""","""Node2""","""Node3""","""Node4""","""Node1""","""Node6""","""Node2""","""Node6""","""Node6""","""Node6""","""Adreno""","""MIPS""","""MIPS""","""Adreno""","""MIPS""","""MIPS""",1.0,1.0,0.6666666666666666,1.0,0.6666666666666666,1.0,"""FCFS""","""FCFS""","""FCFS""","""PB""","""PB""","""FCFS"""
99999.0,99999.0,99999,"(6, 8)","""Node3""","""Node4""","""Node3""","""Node4""","""Node6""","""Node4""","""Node1""","""Node4""","""Node6""","""Node1""","""Node1""","""MIPS""","""MIPS""","""ARMv8""","""Adreno""","""MIPS""","""MIPS""",1.0,0.25,0.6666666666666666,1.0,0.6666666666666666,1.0,"""FCFS""","""FCFS""","""FCFS""","""FCFS""","""PB""","""PB"""
0.00426871307279174,0.04140699384982379,6,"(3, 3)","""Node4""","""Node5""","""Node4""","""Node2""","""Node6""","""Node3""","""Node1""","""Node2""","""Node6""","""Node3""","""Node6""","""Adreno""","""MIPS""","""ARMv8""","""Adreno""","""MIPS""","""MIPS""",0.6666666666666666,1.0,0.6666666666666666,1.0,0.6666666666666666,1.0,"""FCFS""","""FCFS""","""FCFS""","""FCFS""","""PB""","""PB"""
99999.0,99999.0,99999,"(7, 8)","""Node4""","""Node5""","""Node2""","""Node2""","""Node6""","""Node5""","""Node2""","""Node6""","""Node6""","""Node2""","""Node2""","""Adreno""","""MIPS""","""MIPS""","""Adreno""","""MIPS""","""MIPS""",1.0,1.0,0.6666666666666666,1.0,0.6666666666666666,1.0,"""FCFS""","""PB""","""FCFS""","""FCFS""","""PB""","""PB"""
0.0055872163508027895,0.040113170410031776,6,"(6, 8)","""Node5""","""Node4""","""Node3""","""Node5""","""Node4""","""Node2""","""Node1""","""Node6""","""Node2""","""Node6""","""Node6""","""Adreno""","""MIPS""","""ARMv8""","""Adreno""","""MIPS""","""MIPS""",1.0,1.0,0.6666666666666666,1.0,0.6666666666666666,1.0,"""FCFS""","""FCFS""","""FCFS""","""FCFS""","""PB""","""PB"""
0.00341746724570768,0.04095571344278247,5,"(5, 8)","""Node6""","""Node2""","""Node6""","""Node4""","""Node5""","""Node2""","""Node6""","""Node4""","""Node5""","""Node1""","""Node1""","""Adreno""","""MIPS""","""ARMv8""","""Adreno""","""MIPS""","""MIPS""",1.0,1.0,0.6666666666666666,1.0,1.0,1.0,"""FCFS""","""FCFS""","""FCFS""","""FCFS""","""PB""","""PB"""
0.00428250993615732,0.03954815576524513,5,"(4, 4)","""Node5""","""Node2""","""Node1""","""Node5""","""Node2""","""Node6""","""Node1""","""Node4""","""Node6""","""Node4""","""Node6""","""Adreno""","""MIPS""","""ARMv8""","""MIPS""","""MIPS""","""MIPS""",1.0,1.0,0.6666666666666666,1.0,0.6666666666666666,1.0,"""FCFS""","""FCFS""","""FCFS""","""FCFS""","""PB""","""PB"""
99999.0,99999.0,99999,"(7, 7)","""Node6""","""Node6""","""Node2""","""Node2""","""Node4""","""Node6""","""Node1""","""Node2""","""Node1""","""Node1""","""Node1""","""MIPS""","""MIPS""","""ARMv8""","""ARMv8""","""MIPS""","""MIPS""",1.0,1.0,0.6666666666666666,1.0,0.25,1.0,"""FCFS""","""FCFS""","""FCFS""","""FCFS""","""PB""","""PB"""
0.00407036432301196,0.0469511732530992,6,"(6, 6)","""Node1""","""Node3""","""Node4""","""Node1""","""Node6""","""Node5""","""Node2""","""Node1""","""Node6""","""Node4""","""Node6""","""ARMv8""","""MIPS""","""ARMv8""","""Adreno""","""MIPS""","""MIPS""",1.0,1.0,1.0,1.0,0.6666666666666666,1.0,"""FCFS""","""FCFS""","""FCFS""","""FCFS""","""PB""","""PB"""
0.0052703989582296796,0.04329908679544898,6,"(3, 3)","""Node6""","""Node4""","""Node2""","""Node1""","""Node6""","""Node3""","""Node2""","""Node1""","""Node5""","""Node1""","""Node5""","""Adreno""","""Adreno""","""ARMv8""","""Adreno""","""MIPS""","""MIPS""",1.0,1.0,0.6666666666666666,1.0,0.6666666666666666,1.0,"""FCFS""","""FCFS""","""FCFS""","""FCFS""","""PB""","""PB"""
0.005728521253150229,0.044466448247727865,6,"(5, 8)","""Node6""","""Node1""","""Node3""","""Node4""","""Node6""","""Node1""","""Node5""","""Node4""","""Node5""","""Node2""","""Node2""","""Adreno""","""MIPS""","""ARMv8""","""Adreno""","""MIPS""","""MIPS""",1.0,1.0,0.6666666666666666,1.0,0.6666666666666666,1.0,"""FCFS""","""FCFS""","""FCFS""","""FCFS""","""PB""","""PB"""
0.0049108202266643,0.04161570176975326,6,"(6, 8)","""Node1""","""Node3""","""Node1""","""Node2""","""Node4""","""Node6""","""Node5""","""Node2""","""Node4""","""Node2""","""Node4""","""Adreno""","""MIPS""","""ARMv8""","""Adreno""","""Adreno""","""MIPS""",1.0,1.0,0.6666666666666666,1.0,0.6666666666666666,1.0,"""PB""","""PB""","""FCFS""","""FCFS""","""PB""","""PB"""
0.00435505591334513,0.041914827702047484,5,"(7, 8)","""Node4""","""Node1""","""Node6""","""Node3""","""Node4""","""Node1""","""Node2""","""Node6""","""Node2""","""Node2""","""Node2""","""Adreno""","""MIPS""","""ARMv8""","""Adreno""","""MIPS""","""MIPS""",1.0,1.0,0.6666666666666666,1.0,0.6666666666666666,1.0,"""FCFS""","""PB""","""PB""","""FCFS""","""PB""","""PB"""
99999.0,99999.0,99999,"(8, 8)","""Node2""","""Node3""","""Node2""","""Node1""","""Node6""","""Node3""","""Node2""","""Node1""","""Node6""","""Node1""","""Node1""","""Adreno""","""MIPS""","""ARMv8""","""Adreno""","""MIPS""","""MIPS""",1.0,1.0,0.6666666666666666,0.25,0.6666666666666666,0.6666666666666666,"""FCFS""","""FCFS""","""FCFS""","""FCFS""","""PB""","""PB"""
